"T","U:0","U:1","U:2","alphat","p","p_rgh","vtkValidPointMask","arc_length","Points:0","Points:1","Points:2"
1,0,0,0,0,-1.0547,0.0064392,,0,0,0.10835,0
0.99119,5.4985e-06,0.0011847,0,0,-1.0547,0.0064707,,0.0002167,0.0002167,0.10835,0
0.98237,1.0997e-05,0.0023694,0,0,-1.0547,0.0065021,,0.0004334,0.0004334,0.10835,0
0.97356,1.6495e-05,0.0035542,0,0,-1.0547,0.0065335,,0.0006501,0.0006501,0.10835,0
0.96475,2.1994e-05,0.0047389,0,0,-1.0547,0.006565,,0.0008668,0.0008668,0.10835,0
0.95593,2.7492e-05,0.0059236,0,0,-1.0547,0.0065964,,0.0010835,0.0010835,0.10835,0
0.94712,3.2991e-05,0.0071083,0,0,-1.0547,0.0066279,,0.0013002,0.0013002,0.10835,0
0.9383,3.8489e-05,0.008293,0,0,-1.0547,0.0066593,,0.0015169,0.0015169,0.10835,0
0.92949,4.3988e-05,0.0094778,0,0,-1.0547,0.0066907,,0.0017336,0.0017336,0.10835,0
0.92075,5.2357e-05,0.010407,0,0,-1.0547,0.0067219,,0.0019503,0.0019503,0.10835,0
0.91205,6.2163e-05,0.011208,0,0,-1.0547,0.0067529,,0.002167,0.002167,0.10835,0
0.90334,7.1968e-05,0.01201,0,0,-1.0547,0.006784,,0.0023837,0.0023837,0.10835,0
0.89464,8.1774e-05,0.012811,0,0,-1.0547,0.006815,,0.0026004,0.0026004,0.10835,0
0.88594,9.1579e-05,0.013612,0,0,-1.0547,0.0068461,,0.0028171,0.0028171,0.10835,0
0.87723,0.00010138,0.014414,0,0,-1.0547,0.0068771,,0.0030338,0.0030338,0.10835,0
0.86853,0.00011119,0.015215,0,0,-1.0547,0.0069081,,0.0032505,0.0032505,0.10835,0
0.85983,0.000121,0.016017,0,0,-1.0547,0.0069392,,0.0034672,0.0034672,0.10835,0
0.85122,0.00013078,0.016709,0,0,-1.0547,0.0069698,,0.0036839,0.0036839,0.10835,0
0.84281,0.00014053,0.017183,0,0,-1.0547,0.0069998,,0.0039006,0.0039006,0.10835,0
0.83441,0.00015028,0.017657,0,0,-1.0547,0.0070297,,0.0041173,0.0041173,0.10835,0
0.826,0.00016003,0.018131,0,0,-1.0547,0.0070596,,0.004334,0.004334,0.10835,0
0.81759,0.00016977,0.018606,0,0,-1.0547,0.0070896,,0.0045507,0.0045507,0.10835,0
0.80919,0.00017952,0.01908,0,0,-1.0547,0.0071195,,0.0047674,0.0047674,0.10835,0
0.80078,0.00018927,0.019554,0,0,-1.0547,0.0071494,,0.0049841,0.0049841,0.10835,0
0.79237,0.00019902,0.020028,0,0,-1.0547,0.0071794,,0.0052008,0.0052008,0.10835,0
0.78397,0.00020876,0.020502,0,0,-1.0547,0.0072093,,0.0054175,0.0054175,0.10835,0
0.77608,0.00021505,0.020709,0,0,-1.0547,0.0072373,,0.0056342,0.0056342,0.10835,0
0.76819,0.00022134,0.020916,0,0,-1.0547,0.0072654,,0.0058509,0.0058509,0.10835,0
0.7603,0.00022763,0.021124,0,0,-1.0547,0.0072934,,0.0060676,0.0060676,0.10835,0
0.75241,0.00023392,0.021331,0,0,-1.0547,0.0073214,,0.0062843,0.0062843,0.10835,0
0.74452,0.00024021,0.021538,0,0,-1.0547,0.0073495,,0.006501,0.006501,0.10835,0
0.73663,0.0002465,0.021745,0,0,-1.0547,0.0073775,,0.0067177,0.0067177,0.10835,0
0.72874,0.00025279,0.021952,0,0,-1.0547,0.0074056,,0.0069344,0.0069344,0.10835,0
0.72085,0.00025908,0.022159,0,0,-1.0547,0.0074336,,0.0071511,0.0071511,0.10835,0
0.71344,0.00026187,0.022229,0,0,-1.0547,0.0074599,,0.0073678,0.0073678,0.10835,0
0.70628,0.00026292,0.02223,0,0,-1.0547,0.0074853,,0.0075845,0.0075845,0.10835,0
0.69911,0.00026396,0.022232,0,0,-1.0547,0.0075108,,0.0078012,0.0078012,0.10835,0
0.69195,0.00026501,0.022233,0,0,-1.0547,0.0075362,,0.0080179,0.0080179,0.10835,0
0.68478,0.00026605,0.022234,0,0,-1.0547,0.0075616,,0.0082346,0.0082346,0.10835,0
0.67762,0.0002671,0.022236,0,0,-1.0547,0.007587,,0.0084513,0.0084513,0.10835,0
0.67045,0.00026815,0.022237,0,0,-1.0547,0.0076125,,0.008668,0.008668,0.10835,0
0.66328,0.00026919,0.022238,0,0,-1.0547,0.0076379,,0.0088847,0.0088847,0.10835,0
0.65641,0.00026835,0.02219,0,0,-1.0547,0.0076623,,0.0091014,0.0091014,0.10835,0
0.65013,0.00026373,0.022044,0,0,-1.0547,0.0076845,,0.0093181,0.0093181,0.10835,0
0.64385,0.00025911,0.021898,0,0,-1.0547,0.0077068,,0.0095348,0.0095348,0.10835,0
0.63756,0.0002545,0.021752,0,0,-1.0547,0.007729,,0.0097515,0.0097515,0.10835,0
0.63128,0.00024988,0.021606,0,0,-1.0547,0.0077513,,0.0099682,0.0099682,0.10835,0
0.625,0.00024526,0.02146,0,0,-1.0547,0.0077736,,0.010185,0.010185,0.10835,0
0.61871,0.00024064,0.021314,0,0,-1.0547,0.0077958,,0.010402,0.010402,0.10835,0
0.61243,0.00023602,0.021168,0,0,-1.0547,0.0078181,,0.010618,0.010618,0.10835,0
0.60615,0.00023141,0.021022,0,0,-1.0547,0.0078403,,0.010835,0.010835,0.10835,0
0.60084,0.00022171,0.020781,0,0,-1.0547,0.0078591,,0.011052,0.011052,0.10835,0
0.59553,0.00021201,0.02054,0,0,-1.0547,0.0078779,,0.011268,0.011268,0.10835,0
0.59023,0.0002023,0.020299,0,0,-1.0547,0.0078966,,0.011485,0.011485,0.10835,0
0.58492,0.0001926,0.020058,0,0,-1.0547,0.0079154,,0.011702,0.011702,0.10835,0
0.57961,0.0001829,0.019817,0,0,-1.0547,0.0079342,,0.011919,0.011919,0.10835,0
0.57431,0.0001732,0.019576,0,0,-1.0547,0.007953,,0.012135,0.012135,0.10835,0
0.569,0.0001635,0.019334,0,0,-1.0547,0.0079717,,0.012352,0.012352,0.10835,0
0.56369,0.0001538,0.019093,0,0,-1.0547,0.0079905,,0.012569,0.012569,0.10835,0
0.55905,0.0001416,0.018818,0,0,-1.0547,0.0080069,,0.012785,0.012785,0.10835,0
0.55474,0.00012816,0.018525,0,0,-1.0547,0.0080221,,0.013002,0.013002,0.10835,0
0.55044,0.00011471,0.018233,0,0,-1.0547,0.0080373,,0.013219,0.013219,0.10835,0
0.54613,0.00010127,0.01794,0,0,-1.0547,0.0080525,,0.013435,0.013435,0.10835,0
0.54182,8.7822e-05,0.017647,0,0,-1.0547,0.0080678,,0.013652,0.013652,0.10835,0
0.53751,7.4377e-05,0.017355,0,0,-1.0547,0.008083,,0.013869,0.013869,0.10835,0
0.53321,6.0932e-05,0.017062,0,0,-1.0547,0.0080982,,0.014086,0.014086,0.10835,0
0.5289,4.7486e-05,0.016769,0,0,-1.0547,0.0081134,,0.014302,0.014302,0.10835,0
0.52491,3.3472e-05,0.016471,0,0,-1.0547,0.0081275,,0.014519,0.014519,0.10835,0
0.52157,1.8318e-05,0.016161,0,0,-1.0547,0.0081393,,0.014736,0.014736,0.10835,0
0.51823,3.1646e-06,0.015852,0,0,-1.0547,0.0081511,,0.014952,0.014952,0.10835,0
0.51489,-1.1989e-05,0.015542,0,0,-1.0547,0.0081629,,0.015169,0.015169,0.10835,0
0.51154,-2.7142e-05,0.015232,0,0,-1.0547,0.0081747,,0.015386,0.015386,0.10835,0
0.5082,-4.2296e-05,0.014923,0,0,-1.0547,0.0081865,,0.015602,0.015602,0.10835,0
0.50486,-5.7449e-05,0.014613,0,0,-1.0547,0.0081983,,0.015819,0.015819,0.10835,0
0.50152,-7.2603e-05,0.014304,0,0,-1.0547,0.0082101,,0.016036,0.016036,0.10835,0
0.49817,-8.7756e-05,0.013994,0,0,-1.0547,0.0082219,,0.016253,0.016253,0.10835,0
0.49571,-0.00010257,0.013692,0,0,-1.0547,0.0082306,,0.016469,0.016469,0.10835,0
0.49324,-0.00011739,0.013391,0,0,-1.0547,0.0082393,,0.016686,0.016686,0.10835,0
0.49078,-0.00013221,0.013089,0,0,-1.0547,0.008248,,0.016903,0.016903,0.10835,0
0.48831,-0.00014703,0.012787,0,0,-1.0547,0.0082566,,0.017119,0.017119,0.10835,0
0.48585,-0.00016185,0.012486,0,0,-1.0547,0.0082653,,0.017336,0.017336,0.10835,0
0.48338,-0.00017667,0.012184,0,0,-1.0547,0.008274,,0.017553,0.017553,0.10835,0
0.48092,-0.00019148,0.011882,0,0,-1.0547,0.0082827,,0.017769,0.017769,0.10835,0
0.47845,-0.0002063,0.011581,0,0,-1.0547,0.0082914,,0.017986,0.017986,0.10835,0
0.47649,-0.00022007,0.011294,0,0,-1.0547,0.0082984,,0.018203,0.018203,0.10835,0
0.47477,-0.00023332,0.011016,0,0,-1.0547,0.0083044,,0.01842,0.01842,0.10835,0
0.47306,-0.00024656,0.010737,0,0,-1.0547,0.0083105,,0.018636,0.018636,0.10835,0
0.47134,-0.00025981,0.010459,0,0,-1.0547,0.0083165,,0.018853,0.018853,0.10835,0
0.46963,-0.00027306,0.01018,0,0,-1.0547,0.0083225,,0.01907,0.01907,0.10835,0
0.46791,-0.0002863,0.0099017,0,0,-1.0547,0.0083286,,0.019286,0.019286,0.10835,0
0.46619,-0.00029955,0.0096231,0,0,-1.0547,0.0083346,,0.019503,0.019503,0.10835,0
0.46448,-0.00031279,0.0093445,0,0,-1.0547,0.0083407,,0.01972,0.01972,0.10835,0
0.46297,-0.00032529,0.0090764,0,0,-1.0547,0.008346,,0.019936,0.019936,0.10835,0
0.46186,-0.0003363,0.0088289,0,0,-1.0547,0.0083499,,0.020153,0.020153,0.10835,0
0.46076,-0.00034731,0.0085815,0,0,-1.0547,0.0083538,,0.02037,0.02037,0.10835,0
0.45965,-0.00035831,0.0083341,0,0,-1.0547,0.0083577,,0.020586,0.020586,0.10835,0
0.45855,-0.00036932,0.0080866,0,0,-1.0547,0.0083616,,0.020803,0.020803,0.10835,0
0.45744,-0.00038033,0.0078392,0,0,-1.0547,0.0083655,,0.02102,0.02102,0.10835,0
0.45634,-0.00039133,0.0075918,0,0,-1.0547,0.0083693,,0.021237,0.021237,0.10835,0
0.45523,-0.00040234,0.0073444,0,0,-1.0547,0.0083732,,0.021453,0.021453,0.10835,0
0.45413,-0.00041334,0.0070969,0,0,-1.0547,0.0083771,,0.02167,0.02167,0.10835,0
0.4535,-0.0004217,0.0068839,0,0,-1.0547,0.0083793,,0.021887,0.021887,0.10835,0
0.45288,-0.00043006,0.0066709,0,0,-1.0547,0.0083815,,0.022103,0.022103,0.10835,0
0.45225,-0.00043842,0.0064578,0,0,-1.0547,0.0083837,,0.02232,0.02232,0.10835,0
0.45162,-0.00044677,0.0062448,0,0,-1.0547,0.0083859,,0.022537,0.022537,0.10835,0
0.451,-0.00045513,0.0060317,0,0,-1.0547,0.0083881,,0.022753,0.022753,0.10835,0
0.45037,-0.00046349,0.0058187,0,0,-1.0547,0.0083903,,0.02297,0.02297,0.10835,0
0.44975,-0.00047185,0.0056057,0,0,-1.0547,0.0083925,,0.023187,0.023187,0.10835,0
0.44912,-0.00048021,0.0053926,0,0,-1.0547,0.0083947,,0.023404,0.023404,0.10835,0
0.44874,-0.00048671,0.0052026,0,0,-1.0547,0.008396,,0.02362,0.02362,0.10835,0
0.44847,-0.00049228,0.005024,0,0,-1.0547,0.008397,,0.023837,0.023837,0.10835,0
0.44821,-0.00049785,0.0048455,0,0,-1.0547,0.0083979,,0.024054,0.024054,0.10835,0
0.44794,-0.00050342,0.0046669,0,0,-1.0547,0.0083988,,0.02427,0.02427,0.10835,0
0.44768,-0.00050899,0.0044884,0,0,-1.0547,0.0083997,,0.024487,0.024487,0.10835,0
0.44742,-0.00051456,0.0043098,0,0,-1.0547,0.0084006,,0.024704,0.024704,0.10835,0
0.44715,-0.00052013,0.0041313,0,0,-1.0547,0.0084016,,0.024921,0.024921,0.10835,0
0.44689,-0.0005257,0.0039527,0,0,-1.0547,0.0084025,,0.025137,0.025137,0.10835,0
0.44671,-0.00053037,0.003785,0,0,-1.0547,0.0084031,,0.025354,0.025354,0.10835,0
0.44671,-0.00053322,0.0036391,0,0,-1.0547,0.0084031,,0.025571,0.025571,0.10835,0
0.4467,-0.00053608,0.0034931,0,0,-1.0547,0.0084031,,0.025787,0.025787,0.10835,0
0.4467,-0.00053893,0.0033472,0,0,-1.0547,0.0084031,,0.026004,0.026004,0.10835,0
0.4467,-0.00054179,0.0032012,0,0,-1.0547,0.0084031,,0.026221,0.026221,0.10835,0
0.44669,-0.00054464,0.0030553,0,0,-1.0547,0.0084031,,0.026437,0.026437,0.10835,0
0.44669,-0.0005475,0.0029093,0,0,-1.0547,0.0084031,,0.026654,0.026654,0.10835,0
0.44669,-0.00055035,0.0027634,0,0,-1.0547,0.0084031,,0.026871,0.026871,0.10835,0
0.44668,-0.00055321,0.0026174,0,0,-1.0547,0.0084031,,0.027088,0.027088,0.10835,0
0.44686,-0.00055357,0.0025011,0,0,-1.0547,0.0084025,,0.027304,0.027304,0.10835,0
0.44703,-0.00055393,0.0023847,0,0,-1.0547,0.0084019,,0.027521,0.027521,0.10835,0
0.44721,-0.00055429,0.0022684,0,0,-1.0547,0.0084013,,0.027738,0.027738,0.10835,0
0.44738,-0.00055465,0.002152,0,0,-1.0547,0.0084006,,0.027954,0.027954,0.10835,0
0.44756,-0.00055501,0.0020357,0,0,-1.0547,0.0084,,0.028171,0.028171,0.10835,0
0.44773,-0.00055537,0.0019193,0,0,-1.0547,0.0083994,,0.028388,0.028388,0.10835,0
0.44791,-0.00055573,0.001803,0,0,-1.0547,0.0083988,,0.028604,0.028604,0.10835,0
0.44808,-0.00055609,0.0016866,0,0,-1.0547,0.0083981,,0.028821,0.028821,0.10835,0
0.44833,-0.00055501,0.0015877,0,0,-1.0547,0.0083973,,0.029038,0.029038,0.10835,0
0.44862,-0.0005532,0.0014974,0,0,-1.0547,0.0083962,,0.029254,0.029254,0.10835,0
0.4489,-0.00055138,0.0014071,0,0,-1.0547,0.0083952,,0.029471,0.029471,0.10835,0
0.44919,-0.00054957,0.0013168,0,0,-1.0547,0.0083942,,0.029688,0.029688,0.10835,0
0.44947,-0.00054776,0.0012265,0,0,-1.0547,0.0083932,,0.029905,0.029905,0.10835,0
0.44976,-0.00054595,0.0011362,0,0,-1.0547,0.0083922,,0.030121,0.030121,0.10835,0
0.45005,-0.00054414,0.0010459,0,0,-1.0547,0.0083912,,0.030338,0.030338,0.10835,0
0.45033,-0.00054233,0.00095566,0,0,-1.0547,0.0083901,,0.030555,0.030555,0.10835,0
0.45064,-0.00053992,0.00087283,0,0,-1.0547,0.0083891,,0.030771,0.030771,0.10835,0
0.45098,-0.00053632,0.00080491,0,0,-1.0547,0.0083878,,0.030988,0.030988,0.10835,0
0.45133,-0.00053272,0.00073699,0,0,-1.0547,0.0083866,,0.031205,0.031205,0.10835,0
0.45168,-0.00052912,0.00066907,0,0,-1.0547,0.0083854,,0.031422,0.031422,0.10835,0
0.45202,-0.00052552,0.00060115,0,0,-1.0547,0.0083841,,0.031638,0.031638,0.10835,0
0.45237,-0.00052192,0.00053323,0,0,-1.0547,0.0083829,,0.031855,0.031855,0.10835,0
0.45272,-0.00051832,0.00046531,0,0,-1.0547,0.0083817,,0.032072,0.032072,0.10835,0
0.45306,-0.00051472,0.00039739,0,0,-1.0547,0.0083805,,0.032288,0.032288,0.10835,0
0.45341,-0.00051112,0.00032947,0,0,-1.0547,0.0083792,,0.032505,0.032505,0.10835,0
0.45378,-0.00050614,0.0002803,0,0,-1.0547,0.0083779,,0.032722,0.032722,0.10835,0
0.45415,-0.00050115,0.00023114,0,0,-1.0547,0.0083766,,0.032938,0.032938,0.10835,0
0.45452,-0.00049616,0.00018197,0,0,-1.0547,0.0083753,,0.033155,0.033155,0.10835,0
0.45489,-0.00049118,0.00013281,0,0,-1.0547,0.008374,,0.033372,0.033372,0.10835,0
0.45525,-0.00048619,8.3644e-05,0,0,-1.0547,0.0083727,,0.033588,0.033588,0.10835,0
0.45562,-0.00048121,3.4479e-05,0,0,-1.0547,0.0083714,,0.033805,0.033805,0.10835,0
0.45599,-0.00047622,-1.4685e-05,0,0,-1.0547,0.0083701,,0.034022,0.034022,0.10835,0
0.45636,-0.00047123,-6.385e-05,0,0,-1.0547,0.0083688,,0.034239,0.034239,0.10835,0
0.45672,-0.00046559,-0.00010276,0,0,-1.0547,0.0083675,,0.034455,0.034455,0.10835,0
0.45709,-0.00045963,-0.00013653,0,0,-1.0547,0.0083662,,0.034672,0.034672,0.10835,0
0.45745,-0.00045366,-0.00017031,0,0,-1.0547,0.0083649,,0.034889,0.034889,0.10835,0
0.45781,-0.00044769,-0.00020409,0,0,-1.0547,0.0083636,,0.035105,0.035105,0.10835,0
0.45817,-0.00044172,-0.00023786,0,0,-1.0547,0.0083624,,0.035322,0.035322,0.10835,0
0.45854,-0.00043576,-0.00027164,0,0,-1.0547,0.0083611,,0.035539,0.035539,0.10835,0
0.4589,-0.00042979,-0.00030542,0,0,-1.0547,0.0083598,,0.035756,0.035756,0.10835,0
0.45926,-0.00042382,-0.0003392,0,0,-1.0547,0.0083585,,0.035972,0.035972,0.10835,0
0.45961,-0.00041766,-0.00036886,0,0,-1.0547,0.0083572,,0.036189,0.036189,0.10835,0
0.45995,-0.00041109,-0.00039031,0,0,-1.0547,0.0083561,,0.036406,0.036406,0.10835,0
0.46029,-0.00040453,-0.00041175,0,0,-1.0547,0.0083549,,0.036622,0.036622,0.10835,0
0.46062,-0.00039797,-0.00043319,0,0,-1.0547,0.0083537,,0.036839,0.036839,0.10835,0
0.46096,-0.0003914,-0.00045464,0,0,-1.0547,0.0083525,,0.037056,0.037056,0.10835,0
0.46129,-0.00038484,-0.00047608,0,0,-1.0547,0.0083513,,0.037272,0.037272,0.10835,0
0.46163,-0.00037827,-0.00049752,0,0,-1.0547,0.0083501,,0.037489,0.037489,0.10835,0
0.46196,-0.00037171,-0.00051897,0,0,-1.0547,0.0083489,,0.037706,0.037706,0.10835,0
0.4623,-0.00036514,-0.00054041,0,0,-1.0547,0.0083477,,0.037923,0.037923,0.10835,0
0.4626,-0.00035832,-0.00055224,0,0,-1.0547,0.0083467,,0.038139,0.038139,0.10835,0
0.46289,-0.0003515,-0.00056406,0,0,-1.0547,0.0083456,,0.038356,0.038356,0.10835,0
0.46319,-0.00034468,-0.00057588,0,0,-1.0547,0.0083446,,0.038573,0.038573,0.10835,0
0.46349,-0.00033785,-0.00058771,0,0,-1.0547,0.0083435,,0.038789,0.038789,0.10835,0
0.46379,-0.00033103,-0.00059953,0,0,-1.0547,0.0083424,,0.039006,0.039006,0.10835,0
0.46409,-0.00032421,-0.00061136,0,0,-1.0547,0.0083414,,0.039223,0.039223,0.10835,0
0.46438,-0.00031738,-0.00062318,0,0,-1.0547,0.0083403,,0.039439,0.039439,0.10835,0
0.46468,-0.00031056,-0.000635,0,0,-1.0547,0.0083393,,0.039656,0.039656,0.10835,0
0.46495,-0.00030376,-0.00064198,0,0,-1.0547,0.0083383,,0.039873,0.039873,0.10835,0
0.4652,-0.00029697,-0.00064654,0,0,-1.0547,0.0083374,,0.040089,0.040089,0.10835,0
0.46546,-0.00029018,-0.00065109,0,0,-1.0547,0.0083365,,0.040306,0.040306,0.10835,0
0.46571,-0.0002834,-0.00065565,0,0,-1.0547,0.0083356,,0.040523,0.040523,0.10835,0
0.46596,-0.00027661,-0.0006602,0,0,-1.0547,0.0083347,,0.04074,0.04074,0.10835,0
0.46622,-0.00026982,-0.00066476,0,0,-1.0547,0.0083338,,0.040956,0.040956,0.10835,0
0.46647,-0.00026303,-0.00066931,0,0,-1.0547,0.0083329,,0.041173,0.041173,0.10835,0
0.46673,-0.00025624,-0.00067387,0,0,-1.0547,0.008332,,0.04139,0.04139,0.10835,0
0.46696,-0.00024954,-0.00067666,0,0,-1.0547,0.0083311,,0.041606,0.041606,0.10835,0
0.46717,-0.00024303,-0.00067594,0,0,-1.0547,0.0083304,,0.041823,0.041823,0.10835,0
0.46738,-0.00023651,-0.00067522,0,0,-1.0547,0.0083297,,0.04204,0.04204,0.10835,0
0.46759,-0.00022999,-0.0006745,0,0,-1.0547,0.0083289,,0.042257,0.042257,0.10835,0
0.4678,-0.00022347,-0.00067378,0,0,-1.0547,0.0083282,,0.042473,0.042473,0.10835,0
0.46801,-0.00021696,-0.00067306,0,0,-1.0547,0.0083274,,0.04269,0.04269,0.10835,0
0.46821,-0.00021044,-0.00067234,0,0,-1.0547,0.0083267,,0.042907,0.042907,0.10835,0
0.46842,-0.00020392,-0.00067162,0,0,-1.0547,0.0083259,,0.043123,0.043123,0.10835,0
0.46863,-0.0001974,-0.0006709,0,0,-1.0547,0.0083252,,0.04334,0.04334,0.10835,0
0.4688,-0.00019134,-0.00066655,0,0,-1.0547,0.0083246,,0.043557,0.043557,0.10835,0
0.46896,-0.00018527,-0.00066221,0,0,-1.0547,0.008324,,0.043773,0.043773,0.10835,0
0.46912,-0.0001792,-0.00065786,0,0,-1.0547,0.0083234,,0.04399,0.04399,0.10835,0
0.46929,-0.00017313,-0.00065352,0,0,-1.0547,0.0083228,,0.044207,0.044207,0.10835,0
0.46945,-0.00016707,-0.00064917,0,0,-1.0547,0.0083223,,0.044424,0.044424,0.10835,0
0.46962,-0.000161,-0.00064483,0,0,-1.0547,0.0083217,,0.04464,0.04464,0.10835,0
0.46978,-0.00015493,-0.00064048,0,0,-1.0547,0.0083211,,0.044857,0.044857,0.10835,0
0.46994,-0.00014887,-0.00063614,0,0,-1.0547,0.0083205,,0.045074,0.045074,0.10835,0
0.47008,-0.00014318,-0.00063027,0,0,-1.0547,0.00832,,0.04529,0.04529,0.10835,0
0.4702,-0.00013769,-0.00062364,0,0,-1.0547,0.0083196,,0.045507,0.045507,0.10835,0
0.47033,-0.0001322,-0.000617,0,0,-1.0547,0.0083191,,0.045724,0.045724,0.10835,0
0.47045,-0.00012671,-0.00061037,0,0,-1.0547,0.0083187,,0.04594,0.04594,0.10835,0
0.47057,-0.00012122,-0.00060373,0,0,-1.0547,0.0083182,,0.046157,0.046157,0.10835,0
0.47069,-0.00011573,-0.0005971,0,0,-1.0547,0.0083178,,0.046374,0.046374,0.10835,0
0.47082,-0.00011024,-0.00059047,0,0,-1.0547,0.0083174,,0.04659,0.04659,0.10835,0
0.47094,-0.00010475,-0.00058383,0,0,-1.0547,0.0083169,,0.046807,0.046807,0.10835,0
0.47105,-9.9481e-05,-0.00057678,0,0,-1.0547,0.0083165,,0.047024,0.047024,0.10835,0
0.47114,-9.4644e-05,-0.00056891,0,0,-1.0547,0.0083162,,0.047241,0.047241,0.10835,0
0.47122,-8.9808e-05,-0.00056103,0,0,-1.0547,0.0083159,,0.047457,0.047457,0.10835,0
0.47131,-8.4971e-05,-0.00055315,0,0,-1.0547,0.0083156,,0.047674,0.047674,0.10835,0
0.4714,-8.0135e-05,-0.00054527,0,0,-1.0547,0.0083153,,0.047891,0.047891,0.10835,0
0.47148,-7.5298e-05,-0.00053739,0,0,-1.0547,0.0083149,,0.048107,0.048107,0.10835,0
0.47157,-7.0462e-05,-0.00052952,0,0,-1.0547,0.0083146,,0.048324,0.048324,0.10835,0
0.47166,-6.5626e-05,-0.00052164,0,0,-1.0547,0.0083143,,0.048541,0.048541,0.10835,0
0.47174,-6.0789e-05,-0.00051376,0,0,-1.0547,0.008314,,0.048758,0.048758,0.10835,0
0.4718,-5.6643e-05,-0.00050543,0,0,-1.0547,0.0083138,,0.048974,0.048974,0.10835,0
0.47185,-5.2496e-05,-0.0004971,0,0,-1.0547,0.0083136,,0.049191,0.049191,0.10835,0
0.47191,-4.835e-05,-0.00048877,0,0,-1.0547,0.0083134,,0.049408,0.049408,0.10835,0
0.47196,-4.4203e-05,-0.00048044,0,0,-1.0547,0.0083132,,0.049624,0.049624,0.10835,0
0.47202,-4.0057e-05,-0.00047211,0,0,-1.0547,0.008313,,0.049841,0.049841,0.10835,0
0.47207,-3.5911e-05,-0.00046378,0,0,-1.0547,0.0083128,,0.050058,0.050058,0.10835,0
0.47213,-3.1764e-05,-0.00045545,0,0,-1.0547,0.0083126,,0.050274,0.050274,0.10835,0
0.47218,-2.7618e-05,-0.00044712,0,0,-1.0547,0.0083124,,0.050491,0.050491,0.10835,0
0.47222,-2.3934e-05,-0.00043887,0,0,-1.0547,0.0083122,,0.050708,0.050708,0.10835,0
0.47225,-2.0481e-05,-0.00043066,0,0,-1.0547,0.0083121,,0.050925,0.050925,0.10835,0
0.47228,-1.7029e-05,-0.00042245,0,0,-1.0547,0.008312,,0.051141,0.051141,0.10835,0
0.47231,-1.3577e-05,-0.00041424,0,0,-1.0547,0.0083119,,0.051358,0.051358,0.10835,0
0.47234,-1.0124e-05,-0.00040603,0,0,-1.0547,0.0083118,,0.051575,0.051575,0.10835,0
0.47237,-6.6716e-06,-0.00039782,0,0,-1.0547,0.0083117,,0.051791,0.051791,0.10835,0
0.4724,-3.2191e-06,-0.00038962,0,0,-1.0547,0.0083116,,0.052008,0.052008,0.10835,0
0.47243,2.3335e-07,-0.00038141,0,0,-1.0547,0.0083115,,0.052225,0.052225,0.10835,0
0.47245,3.4618e-06,-0.00037337,0,0,-1.0547,0.0083114,,0.052441,0.052441,0.10835,0
0.47246,6.2421e-06,-0.00036567,0,0,-1.0547,0.0083113,,0.052658,0.052658,0.10835,0
0.47246,9.0225e-06,-0.00035798,0,0,-1.0547,0.0083113,,0.052875,0.052875,0.10835,0
0.47247,1.1803e-05,-0.00035028,0,0,-1.0547,0.0083113,,0.053091,0.053091,0.10835,0
0.47248,1.4583e-05,-0.00034259,0,0,-1.0547,0.0083112,,0.053308,0.053308,0.10835,0
0.47249,1.7364e-05,-0.00033489,0,0,-1.0547,0.0083112,,0.053525,0.053525,0.10835,0
0.4725,2.0144e-05,-0.00032719,0,0,-1.0547,0.0083111,,0.053742,0.053742,0.10835,0
0.47251,2.2924e-05,-0.0003195,0,0,-1.0547,0.0083111,,0.053958,0.053958,0.10835,0
0.47252,2.5705e-05,-0.0003118,0,0,-1.0547,0.0083111,,0.054175,0.054175,0.10835,0
0.47251,2.7853e-05,-0.00030486,0,0,-1.0547,0.0083111,,0.054392,0.054392,0.10835,0
0.4725,3.0002e-05,-0.00029792,0,0,-1.0547,0.0083111,,0.054608,0.054608,0.10835,0
0.47249,3.2151e-05,-0.00029098,0,0,-1.0547,0.0083111,,0.054825,0.054825,0.10835,0
0.47249,3.4299e-05,-0.00028404,0,0,-1.0547,0.0083111,,0.055042,0.055042,0.10835,0
0.47248,3.6448e-05,-0.0002771,0,0,-1.0547,0.0083112,,0.055259,0.055259,0.10835,0
0.47247,3.8597e-05,-0.00027016,0,0,-1.0547,0.0083112,,0.055475,0.055475,0.10835,0
0.47246,4.0745e-05,-0.00026322,0,0,-1.0547,0.0083112,,0.055692,0.055692,0.10835,0
0.47246,4.2894e-05,-0.00025628,0,0,-1.0547,0.0083112,,0.055909,0.055909,0.10835,0
0.47244,4.4657e-05,-0.00024993,0,0,-1.0547,0.0083113,,0.056125,0.056125,0.10835,0
0.47242,4.6226e-05,-0.00024388,0,0,-1.0547,0.0083113,,0.056342,0.056342,0.10835,0
0.4724,4.7796e-05,-0.00023783,0,0,-1.0547,0.0083114,,0.056559,0.056559,0.10835,0
0.47238,4.9365e-05,-0.00023177,0,0,-1.0547,0.0083114,,0.056775,0.056775,0.10835,0
0.47237,5.0935e-05,-0.00022572,0,0,-1.0547,0.0083115,,0.056992,0.056992,0.10835,0
0.47235,5.2504e-05,-0.00021967,0,0,-1.0547,0.0083116,,0.057209,0.057209,0.10835,0
0.47233,5.4073e-05,-0.00021362,0,0,-1.0547,0.0083116,,0.057425,0.057425,0.10835,0
0.47231,5.5643e-05,-0.00020756,0,0,-1.0547,0.0083117,,0.057642,0.057642,0.10835,0
0.47229,5.7039e-05,-0.00020182,0,0,-1.0547,0.0083117,,0.057859,0.057859,0.10835,0
0.47226,5.809e-05,-0.0001967,0,0,-1.0547,0.0083118,,0.058076,0.058076,0.10835,0
0.47223,5.914e-05,-0.00019158,0,0,-1.0547,0.0083119,,0.058292,0.058292,0.10835,0
0.47221,6.019e-05,-0.00018647,0,0,-1.0547,0.008312,,0.058509,0.058509,0.10835,0
0.47218,6.124e-05,-0.00018135,0,0,-1.0547,0.0083121,,0.058726,0.058726,0.10835,0
0.47215,6.2291e-05,-0.00017623,0,0,-1.0547,0.0083122,,0.058942,0.058942,0.10835,0
0.47213,6.3341e-05,-0.00017111,0,0,-1.0547,0.0083123,,0.059159,0.059159,0.10835,0
0.4721,6.4391e-05,-0.00016599,0,0,-1.0547,0.0083124,,0.059376,0.059376,0.10835,0
0.47207,6.5442e-05,-0.00016087,0,0,-1.0547,0.0083125,,0.059593,0.059593,0.10835,0
0.47204,6.6037e-05,-0.00015667,0,0,-1.0547,0.0083126,,0.059809,0.059809,0.10835,0
0.47201,6.6632e-05,-0.00015246,0,0,-1.0547,0.0083127,,0.060026,0.060026,0.10835,0
0.47198,6.7227e-05,-0.00014826,0,0,-1.0547,0.0083128,,0.060243,0.060243,0.10835,0
0.47195,6.7822e-05,-0.00014406,0,0,-1.0547,0.0083129,,0.060459,0.060459,0.10835,0
0.47191,6.8417e-05,-0.00013986,0,0,-1.0547,0.008313,,0.060676,0.060676,0.10835,0
0.47188,6.9012e-05,-0.00013565,0,0,-1.0547,0.0083131,,0.060893,0.060893,0.10835,0
0.47185,6.9607e-05,-0.00013145,0,0,-1.0547,0.0083132,,0.061109,0.061109,0.10835,0
0.47182,7.0203e-05,-0.00012725,0,0,-1.0547,0.0083133,,0.061326,0.061326,0.10835,0
0.47179,7.0537e-05,-0.00012361,0,0,-1.0547,0.0083134,,0.061543,0.061543,0.10835,0
0.47175,7.0741e-05,-0.00012027,0,0,-1.0547,0.0083135,,0.06176,0.06176,0.10835,0
0.47172,7.0945e-05,-0.00011692,0,0,-1.0547,0.0083136,,0.061976,0.061976,0.10835,0
0.47168,7.115e-05,-0.00011358,0,0,-1.0547,0.0083138,,0.062193,0.062193,0.10835,0
0.47165,7.1354e-05,-0.00011023,0,0,-1.0547,0.0083139,,0.06241,0.06241,0.10835,0
0.47162,7.1558e-05,-0.00010688,0,0,-1.0547,0.008314,,0.062626,0.062626,0.10835,0
0.47158,7.1762e-05,-0.00010354,0,0,-1.0547,0.0083141,,0.062843,0.062843,0.10835,0
0.47155,7.1966e-05,-0.00010019,0,0,-1.0547,0.0083142,,0.06306,0.06306,0.10835,0
0.47151,7.2061e-05,-9.7102e-05,0,0,-1.0547,0.0083143,,0.063276,0.063276,0.10835,0
0.47148,7.1936e-05,-9.4527e-05,0,0,-1.0547,0.0083144,,0.063493,0.063493,0.10835,0
0.47145,7.1811e-05,-9.1952e-05,0,0,-1.0547,0.0083146,,0.06371,0.06371,0.10835,0
0.47141,7.1686e-05,-8.9377e-05,0,0,-1.0547,0.0083147,,0.063927,0.063927,0.10835,0
0.47138,7.1561e-05,-8.6802e-05,0,0,-1.0547,0.0083148,,0.064143,0.064143,0.10835,0
0.47134,7.1436e-05,-8.4227e-05,0,0,-1.0547,0.0083149,,0.06436,0.06436,0.10835,0
0.47131,7.1311e-05,-8.1652e-05,0,0,-1.0547,0.008315,,0.064577,0.064577,0.10835,0
0.47128,7.1186e-05,-7.9077e-05,0,0,-1.0547,0.0083151,,0.064793,0.064793,0.10835,0
0.47124,7.1061e-05,-7.6502e-05,0,0,-1.0547,0.0083152,,0.06501,0.06501,0.10835,0
0.47121,7.0664e-05,-7.46e-05,0,0,-1.0547,0.0083154,,0.065227,0.065227,0.10835,0
0.47118,7.0267e-05,-7.2697e-05,0,0,-1.0547,0.0083155,,0.065443,0.065443,0.10835,0
0.47114,6.987e-05,-7.0794e-05,0,0,-1.0547,0.0083156,,0.06566,0.06566,0.10835,0
0.47111,6.9474e-05,-6.8892e-05,0,0,-1.0547,0.0083157,,0.065877,0.065877,0.10835,0
0.47108,6.9077e-05,-6.6989e-05,0,0,-1.0547,0.0083158,,0.066094,0.066094,0.10835,0
0.47104,6.868e-05,-6.5086e-05,0,0,-1.0547,0.0083159,,0.06631,0.06631,0.10835,0
0.47101,6.8283e-05,-6.3183e-05,0,0,-1.0547,0.008316,,0.066527,0.066527,0.10835,0
0.47098,6.7886e-05,-6.1281e-05,0,0,-1.0547,0.0083161,,0.066744,0.066744,0.10835,0
0.47095,6.7343e-05,-5.9757e-05,0,0,-1.0547,0.0083162,,0.06696,0.06696,0.10835,0
0.47092,6.6726e-05,-5.8423e-05,0,0,-1.0547,0.0083163,,0.067177,0.067177,0.10835,0
0.47089,6.6109e-05,-5.7089e-05,0,0,-1.0547,0.0083164,,0.067394,0.067394,0.10835,0
0.47086,6.5492e-05,-5.5755e-05,0,0,-1.0547,0.0083166,,0.06761,0.06761,0.10835,0
0.47082,6.4876e-05,-5.4421e-05,0,0,-1.0547,0.0083167,,0.067827,0.067827,0.10835,0
0.47079,6.4259e-05,-5.3087e-05,0,0,-1.0547,0.0083168,,0.068044,0.068044,0.10835,0
0.47076,6.3642e-05,-5.1752e-05,0,0,-1.0547,0.0083169,,0.06826,0.06826,0.10835,0
0.47073,6.3025e-05,-5.0418e-05,0,0,-1.0547,0.008317,,0.068477,0.068477,0.10835,0
0.4707,6.235e-05,-4.924e-05,0,0,-1.0547,0.0083171,,0.068694,0.068694,0.10835,0
0.47068,6.1559e-05,-4.8374e-05,0,0,-1.0547,0.0083172,,0.068911,0.068911,0.10835,0
0.47065,6.0767e-05,-4.7507e-05,0,0,-1.0547,0.0083173,,0.069127,0.069127,0.10835,0
0.47062,5.9976e-05,-4.6641e-05,0,0,-1.0547,0.0083173,,0.069344,0.069344,0.10835,0
0.47059,5.9185e-05,-4.5775e-05,0,0,-1.0547,0.0083174,,0.069561,0.069561,0.10835,0
0.47057,5.8393e-05,-4.4908e-05,0,0,-1.0547,0.0083175,,0.069777,0.069777,0.10835,0
0.47054,5.7602e-05,-4.4042e-05,0,0,-1.0547,0.0083176,,0.069994,0.069994,0.10835,0
0.47051,5.681e-05,-4.3175e-05,0,0,-1.0547,0.0083177,,0.070211,0.070211,0.10835,0
0.47048,5.6019e-05,-4.2309e-05,0,0,-1.0547,0.0083178,,0.070427,0.070427,0.10835,0
0.47046,5.5092e-05,-4.1817e-05,0,0,-1.0547,0.0083179,,0.070644,0.070644,0.10835,0
0.47043,5.4166e-05,-4.1324e-05,0,0,-1.0547,0.008318,,0.070861,0.070861,0.10835,0
0.47041,5.3239e-05,-4.0832e-05,0,0,-1.0547,0.0083181,,0.071078,0.071078,0.10835,0
0.47039,5.2312e-05,-4.0339e-05,0,0,-1.0547,0.0083181,,0.071294,0.071294,0.10835,0
0.47036,5.1386e-05,-3.9847e-05,0,0,-1.0547,0.0083182,,0.071511,0.071511,0.10835,0
0.47034,5.0459e-05,-3.9355e-05,0,0,-1.0547,0.0083183,,0.071728,0.071728,0.10835,0
0.47031,4.9532e-05,-3.8862e-05,0,0,-1.0547,0.0083184,,0.071944,0.071944,0.10835,0
0.47029,4.8606e-05,-3.837e-05,0,0,-1.0547,0.0083185,,0.072161,0.072161,0.10835,0
0.47027,4.7611e-05,-3.8071e-05,0,0,-1.0547,0.0083185,,0.072378,0.072378,0.10835,0
0.47025,4.6582e-05,-3.7869e-05,0,0,-1.0547,0.0083186,,0.072595,0.072595,0.10835,0
0.47023,4.5553e-05,-3.7667e-05,0,0,-1.0547,0.0083187,,0.072811,0.072811,0.10835,0
0.47021,4.4524e-05,-3.7464e-05,0,0,-1.0547,0.0083188,,0.073028,0.073028,0.10835,0
0.47019,4.3495e-05,-3.7262e-05,0,0,-1.0547,0.0083188,,0.073245,0.073245,0.10835,0
0.47017,4.2466e-05,-3.706e-05,0,0,-1.0547,0.0083189,,0.073461,0.073461,0.10835,0
0.47014,4.1437e-05,-3.6858e-05,0,0,-1.0547,0.008319,,0.073678,0.073678,0.10835,0
0.47012,4.0408e-05,-3.6656e-05,0,0,-1.0547,0.008319,,0.073895,0.073895,0.10835,0
0.4701,3.9354e-05,-3.6526e-05,0,0,-1.0547,0.0083191,,0.074111,0.074111,0.10835,0
0.47009,3.825e-05,-3.6542e-05,0,0,-1.0547,0.0083191,,0.074328,0.074328,0.10835,0
0.47007,3.7146e-05,-3.6557e-05,0,0,-1.0547,0.0083192,,0.074545,0.074545,0.10835,0
0.47005,3.6042e-05,-3.6573e-05,0,0,-1.0547,0.0083193,,0.074762,0.074762,0.10835,0
0.47004,3.4938e-05,-3.6589e-05,0,0,-1.0547,0.0083193,,0.074978,0.074978,0.10835,0
0.47002,3.3834e-05,-3.6604e-05,0,0,-1.0547,0.0083194,,0.075195,0.075195,0.10835,0
0.47,3.273e-05,-3.662e-05,0,0,-1.0547,0.0083194,,0.075412,0.075412,0.10835,0
0.46999,3.1626e-05,-3.6636e-05,0,0,-1.0547,0.0083195,,0.075628,0.075628,0.10835,0
0.46997,3.0522e-05,-3.6651e-05,0,0,-1.0547,0.0083195,,0.075845,0.075845,0.10835,0
0.46996,2.9365e-05,-3.6824e-05,0,0,-1.0547,0.0083196,,0.076062,0.076062,0.10835,0
0.46994,2.8209e-05,-3.6996e-05,0,0,-1.0547,0.0083196,,0.076278,0.076278,0.10835,0
0.46993,2.7052e-05,-3.7169e-05,0,0,-1.0547,0.0083197,,0.076495,0.076495,0.10835,0
0.46992,2.5895e-05,-3.7342e-05,0,0,-1.0547,0.0083197,,0.076712,0.076712,0.10835,0
0.4699,2.4738e-05,-3.7514e-05,0,0,-1.0547,0.0083198,,0.076929,0.076929,0.10835,0
0.46989,2.3581e-05,-3.7687e-05,0,0,-1.0547,0.0083198,,0.077145,0.077145,0.10835,0
0.46988,2.2424e-05,-3.7859e-05,0,0,-1.0547,0.0083198,,0.077362,0.077362,0.10835,0
0.46987,2.1268e-05,-3.8032e-05,0,0,-1.0547,0.0083199,,0.077579,0.077579,0.10835,0
0.46985,2.0087e-05,-3.8276e-05,0,0,-1.0547,0.0083199,,0.077795,0.077795,0.10835,0
0.46984,1.8895e-05,-3.8556e-05,0,0,-1.0547,0.00832,,0.078012,0.078012,0.10835,0
0.46984,1.7702e-05,-3.8836e-05,0,0,-1.0547,0.00832,,0.078229,0.078229,0.10835,0
0.46983,1.651e-05,-3.9116e-05,0,0,-1.0547,0.00832,,0.078445,0.078445,0.10835,0
0.46982,1.5317e-05,-3.9395e-05,0,0,-1.0547,0.0083201,,0.078662,0.078662,0.10835,0
0.46981,1.4125e-05,-3.9675e-05,0,0,-1.0547,0.0083201,,0.078879,0.078879,0.10835,0
0.4698,1.2933e-05,-3.9955e-05,0,0,-1.0547,0.0083201,,0.079095,0.079095,0.10835,0
0.46979,1.174e-05,-4.0235e-05,0,0,-1.0547,0.0083202,,0.079312,0.079312,0.10835,0
0.46978,1.054e-05,-4.0538e-05,0,0,-1.0547,0.0083202,,0.079529,0.079529,0.10835,0
0.46977,9.3259e-06,-4.0886e-05,0,0,-1.0547,0.0083202,,0.079746,0.079746,0.10835,0
0.46976,8.1112e-06,-4.1234e-05,0,0,-1.0547,0.0083202,,0.079962,0.079962,0.10835,0
0.46976,6.8966e-06,-4.1582e-05,0,0,-1.0547,0.0083202,,0.080179,0.080179,0.10835,0
0.46975,5.682e-06,-4.193e-05,0,0,-1.0547,0.0083203,,0.080396,0.080396,0.10835,0
0.46974,4.4674e-06,-4.2278e-05,0,0,-1.0547,0.0083203,,0.080612,0.080612,0.10835,0
0.46974,3.2528e-06,-4.2626e-05,0,0,-1.0547,0.0083203,,0.080829,0.080829,0.10835,0
0.46973,2.0381e-06,-4.2973e-05,0,0,-1.0547,0.0083203,,0.081046,0.081046,0.10835,0
0.46973,8.2353e-07,-4.3321e-05,0,0,-1.0547,0.0083203,,0.081262,0.081262,0.10835,0
0.46972,-4.0343e-07,-4.3708e-05,0,0,-1.0547,0.0083204,,0.081479,0.081479,0.10835,0
0.46972,-1.6304e-06,-4.4094e-05,0,0,-1.0547,0.0083204,,0.081696,0.081696,0.10835,0
0.46971,-2.8573e-06,-4.448e-05,0,0,-1.0547,0.0083204,,0.081913,0.081913,0.10835,0
0.46971,-4.0843e-06,-4.4866e-05,0,0,-1.0547,0.0083204,,0.082129,0.082129,0.10835,0
0.46971,-5.3112e-06,-4.5252e-05,0,0,-1.0547,0.0083204,,0.082346,0.082346,0.10835,0
0.4697,-6.5382e-06,-4.5639e-05,0,0,-1.0547,0.0083204,,0.082563,0.082563,0.10835,0
0.4697,-7.7651e-06,-4.6025e-05,0,0,-1.0547,0.0083204,,0.082779,0.082779,0.10835,0
0.4697,-8.9921e-06,-4.6411e-05,0,0,-1.0547,0.0083204,,0.082996,0.082996,0.10835,0
0.46969,-1.0223e-05,-4.6808e-05,0,0,-1.0547,0.0083204,,0.083213,0.083213,0.10835,0
0.46969,-1.1455e-05,-4.7211e-05,0,0,-1.0547,0.0083204,,0.08343,0.08343,0.10835,0
0.46969,-1.2687e-05,-4.7614e-05,0,0,-1.0547,0.0083204,,0.083646,0.083646,0.10835,0
0.46969,-1.3919e-05,-4.8016e-05,0,0,-1.0547,0.0083204,,0.083863,0.083863,0.10835,0
0.46969,-1.5151e-05,-4.8419e-05,0,0,-1.0547,0.0083204,,0.08408,0.08408,0.10835,0
0.46969,-1.6384e-05,-4.8821e-05,0,0,-1.0547,0.0083204,,0.084296,0.084296,0.10835,0
0.46969,-1.7616e-05,-4.9224e-05,0,0,-1.0547,0.0083204,,0.084513,0.084513,0.10835,0
0.46969,-1.8848e-05,-4.9627e-05,0,0,-1.0547,0.0083204,,0.08473,0.08473,0.10835,0
0.46969,-2.0081e-05,-5.003e-05,0,0,-1.0547,0.0083204,,0.084946,0.084946,0.10835,0
0.46969,-2.1313e-05,-5.0434e-05,0,0,-1.0547,0.0083204,,0.085163,0.085163,0.10835,0
0.46969,-2.2546e-05,-5.0838e-05,0,0,-1.0547,0.0083204,,0.08538,0.08538,0.10835,0
0.46969,-2.3779e-05,-5.1242e-05,0,0,-1.0547,0.0083204,,0.085597,0.085597,0.10835,0
0.46969,-2.5011e-05,-5.1646e-05,0,0,-1.0547,0.0083204,,0.085813,0.085813,0.10835,0
0.4697,-2.6244e-05,-5.205e-05,0,0,-1.0547,0.0083204,,0.08603,0.08603,0.10835,0
0.4697,-2.7477e-05,-5.2454e-05,0,0,-1.0547,0.0083204,,0.086247,0.086247,0.10835,0
0.4697,-2.8709e-05,-5.2858e-05,0,0,-1.0547,0.0083204,,0.086463,0.086463,0.10835,0
0.4697,-2.9942e-05,-5.3262e-05,0,0,-1.0547,0.0083204,,0.08668,0.08668,0.10835,0
0.4697,-3.1172e-05,-5.3658e-05,0,0,-1.0547,0.0083204,,0.086897,0.086897,0.10835,0
0.46971,-3.2403e-05,-5.4053e-05,0,0,-1.0547,0.0083203,,0.087113,0.087113,0.10835,0
0.46971,-3.3633e-05,-5.4449e-05,0,0,-1.0547,0.0083203,,0.08733,0.08733,0.10835,0
0.46972,-3.4863e-05,-5.4845e-05,0,0,-1.0547,0.0083203,,0.087547,0.087547,0.10835,0
0.46972,-3.6093e-05,-5.5241e-05,0,0,-1.0547,0.0083203,,0.087764,0.087764,0.10835,0
0.46972,-3.7323e-05,-5.5637e-05,0,0,-1.0547,0.0083203,,0.08798,0.08798,0.10835,0
0.46973,-3.8553e-05,-5.6032e-05,0,0,-1.0547,0.0083203,,0.088197,0.088197,0.10835,0
0.46973,-3.9784e-05,-5.6428e-05,0,0,-1.0547,0.0083203,,0.088414,0.088414,0.10835,0
0.46974,-4.1011e-05,-5.6815e-05,0,0,-1.0547,0.0083202,,0.08863,0.08863,0.10835,0
0.46974,-4.2237e-05,-5.7198e-05,0,0,-1.0547,0.0083202,,0.088847,0.088847,0.10835,0
0.46975,-4.3463e-05,-5.758e-05,0,0,-1.0547,0.0083202,,0.089064,0.089064,0.10835,0
0.46975,-4.4689e-05,-5.7962e-05,0,0,-1.0547,0.0083202,,0.08928,0.08928,0.10835,0
0.46976,-4.5915e-05,-5.8345e-05,0,0,-1.0547,0.0083201,,0.089497,0.089497,0.10835,0
0.46976,-4.7141e-05,-5.8727e-05,0,0,-1.0547,0.0083201,,0.089714,0.089714,0.10835,0
0.46977,-4.8366e-05,-5.911e-05,0,0,-1.0547,0.0083201,,0.089931,0.089931,0.10835,0
0.46978,-4.9592e-05,-5.9492e-05,0,0,-1.0547,0.0083201,,0.090147,0.090147,0.10835,0
0.46978,-5.0817e-05,-5.987e-05,0,0,-1.0547,0.0083201,,0.090364,0.090364,0.10835,0
0.46979,-5.2038e-05,-6.0237e-05,0,0,-1.0547,0.00832,,0.090581,0.090581,0.10835,0
0.4698,-5.3259e-05,-6.0604e-05,0,0,-1.0547,0.00832,,0.090797,0.090797,0.10835,0
0.4698,-5.448e-05,-6.0971e-05,0,0,-1.0547,0.00832,,0.091014,0.091014,0.10835,0
0.46981,-5.5701e-05,-6.1338e-05,0,0,-1.0547,0.0083199,,0.091231,0.091231,0.10835,0
0.46982,-5.6922e-05,-6.1706e-05,0,0,-1.0547,0.0083199,,0.091447,0.091447,0.10835,0
0.46983,-5.8143e-05,-6.2073e-05,0,0,-1.0547,0.0083199,,0.091664,0.091664,0.10835,0
0.46983,-5.9364e-05,-6.244e-05,0,0,-1.0547,0.0083199,,0.091881,0.091881,0.10835,0
0.46984,-6.0585e-05,-6.2807e-05,0,0,-1.0547,0.0083198,,0.092097,0.092097,0.10835,0
0.46985,-6.1801e-05,-6.316e-05,0,0,-1.0547,0.0083198,,0.092314,0.092314,0.10835,0
0.46986,-6.3017e-05,-6.3512e-05,0,0,-1.0547,0.0083198,,0.092531,0.092531,0.10835,0
0.46987,-6.4234e-05,-6.3865e-05,0,0,-1.0547,0.0083197,,0.092748,0.092748,0.10835,0
0.46988,-6.545e-05,-6.4218e-05,0,0,-1.0547,0.0083197,,0.092964,0.092964,0.10835,0
0.46989,-6.6666e-05,-6.457e-05,0,0,-1.0547,0.0083197,,0.093181,0.093181,0.10835,0
0.46989,-6.7883e-05,-6.4923e-05,0,0,-1.0547,0.0083196,,0.093398,0.093398,0.10835,0
0.4699,-6.9099e-05,-6.5276e-05,0,0,-1.0547,0.0083196,,0.093614,0.093614,0.10835,0
0.46991,-7.0315e-05,-6.5628e-05,0,0,-1.0547,0.0083196,,0.093831,0.093831,0.10835,0
0.46992,-7.1529e-05,-6.5973e-05,0,0,-1.0547,0.0083195,,0.094048,0.094048,0.10835,0
0.46993,-7.2741e-05,-6.6313e-05,0,0,-1.0547,0.0083195,,0.094264,0.094264,0.10835,0
0.46994,-7.3954e-05,-6.6654e-05,0,0,-1.0547,0.0083194,,0.094481,0.094481,0.10835,0
0.46995,-7.5166e-05,-6.6994e-05,0,0,-1.0547,0.0083194,,0.094698,0.094698,0.10835,0
0.46996,-7.6378e-05,-6.7335e-05,0,0,-1.0547,0.0083194,,0.094915,0.094915,0.10835,0
0.46997,-7.7591e-05,-6.7675e-05,0,0,-1.0547,0.0083193,,0.095131,0.095131,0.10835,0
0.46998,-7.8803e-05,-6.8016e-05,0,0,-1.0547,0.0083193,,0.095348,0.095348,0.10835,0
0.47,-8.0015e-05,-6.8356e-05,0,0,-1.0547,0.0083192,,0.095565,0.095565,0.10835,0
0.47001,-8.1227e-05,-6.8694e-05,0,0,-1.0547,0.0083192,,0.095781,0.095781,0.10835,0
0.47002,-8.2436e-05,-6.9026e-05,0,0,-1.0547,0.0083192,,0.095998,0.095998,0.10835,0
0.47003,-8.3646e-05,-6.9358e-05,0,0,-1.0547,0.0083191,,0.096215,0.096215,0.10835,0
0.47004,-8.4856e-05,-6.969e-05,0,0,-1.0547,0.0083191,,0.096432,0.096432,0.10835,0
0.47005,-8.6065e-05,-7.0022e-05,0,0,-1.0547,0.008319,,0.096648,0.096648,0.10835,0
0.47006,-8.7275e-05,-7.0354e-05,0,0,-1.0547,0.008319,,0.096865,0.096865,0.10835,0
0.47008,-8.8484e-05,-7.0686e-05,0,0,-1.0547,0.008319,,0.097082,0.097082,0.10835,0
0.47009,-8.9694e-05,-7.1017e-05,0,0,-1.0547,0.0083189,,0.097298,0.097298,0.10835,0
0.4701,-9.0903e-05,-7.1349e-05,0,0,-1.0547,0.0083189,,0.097515,0.097515,0.10835,0
0.47011,-9.2112e-05,-7.1677e-05,0,0,-1.0547,0.0083188,,0.097732,0.097732,0.10835,0
0.47012,-9.332e-05,-7.2005e-05,0,0,-1.0547,0.0083188,,0.097948,0.097948,0.10835,0
0.47014,-9.4528e-05,-7.2332e-05,0,0,-1.0547,0.0083187,,0.098165,0.098165,0.10835,0
0.47015,-9.5736e-05,-7.266e-05,0,0,-1.0547,0.0083187,,0.098382,0.098382,0.10835,0
0.47016,-9.6944e-05,-7.2988e-05,0,0,-1.0547,0.0083186,,0.098599,0.098599,0.10835,0
0.47017,-9.8153e-05,-7.3315e-05,0,0,-1.0547,0.0083186,,0.098815,0.098815,0.10835,0
0.47019,-9.9361e-05,-7.3643e-05,0,0,-1.0547,0.0083185,,0.099032,0.099032,0.10835,0
0.4702,-0.00010057,-7.3971e-05,0,0,-1.0547,0.0083185,,0.099249,0.099249,0.10835,0
0.47021,-0.00010178,-7.4299e-05,0,0,-1.0547,0.0083184,,0.099465,0.099465,0.10835,0
0.47023,-0.00010299,-7.4627e-05,0,0,-1.0547,0.0083184,,0.099682,0.099682,0.10835,0
0.47024,-0.00010419,-7.4955e-05,0,0,-1.0547,0.0083183,,0.099899,0.099899,0.10835,0
0.47025,-0.0001054,-7.5283e-05,0,0,-1.0547,0.0083183,,0.10012,0.10012,0.10835,0
0.47027,-0.00010661,-7.5611e-05,0,0,-1.0547,0.0083182,,0.10033,0.10033,0.10835,0
0.47028,-0.00010782,-7.5939e-05,0,0,-1.0547,0.0083182,,0.10055,0.10055,0.10835,0
0.47029,-0.00010903,-7.6268e-05,0,0,-1.0547,0.0083181,,0.10077,0.10077,0.10835,0
0.47031,-0.00011024,-7.6596e-05,0,0,-1.0547,0.0083181,,0.10098,0.10098,0.10835,0
0.47032,-0.00011145,-7.6926e-05,0,0,-1.0547,0.008318,,0.1012,0.1012,0.10835,0
0.47034,-0.00011266,-7.7259e-05,0,0,-1.0547,0.008318,,0.10142,0.10142,0.10835,0
0.47035,-0.00011387,-7.7593e-05,0,0,-1.0547,0.0083179,,0.10163,0.10163,0.10835,0
0.47036,-0.00011508,-7.7927e-05,0,0,-1.0547,0.0083179,,0.10185,0.10185,0.10835,0
0.47038,-0.00011629,-7.826e-05,0,0,-1.0547,0.0083178,,0.10207,0.10207,0.10835,0
0.47039,-0.0001175,-7.8594e-05,0,0,-1.0547,0.0083178,,0.10228,0.10228,0.10835,0
0.47041,-0.00011871,-7.8928e-05,0,0,-1.0547,0.0083177,,0.1025,0.1025,0.10835,0
0.47042,-0.00011992,-7.9261e-05,0,0,-1.0547,0.0083177,,0.10272,0.10272,0.10835,0
0.47044,-0.00012114,-7.9595e-05,0,0,-1.0547,0.0083176,,0.10293,0.10293,0.10835,0
0.47045,-0.00012235,-7.9939e-05,0,0,-1.0547,0.0083176,,0.10315,0.10315,0.10835,0
0.47047,-0.00012357,-8.0284e-05,0,0,-1.0547,0.0083175,,0.10337,0.10337,0.10835,0
0.47048,-0.00012478,-8.0628e-05,0,0,-1.0547,0.0083174,,0.10358,0.10358,0.10835,0
0.4705,-0.000126,-8.0973e-05,0,0,-1.0547,0.0083174,,0.1038,0.1038,0.10835,0
0.47051,-0.00012721,-8.1317e-05,0,0,-1.0547,0.0083173,,0.10402,0.10402,0.10835,0
0.47053,-0.00012843,-8.1661e-05,0,0,-1.0547,0.0083173,,0.10423,0.10423,0.10835,0
0.47054,-0.00012964,-8.2006e-05,0,0,-1.0547,0.0083172,,0.10445,0.10445,0.10835,0
0.47056,-0.00013086,-8.235e-05,0,0,-1.0547,0.0083172,,0.10467,0.10467,0.10835,0
0.47057,-0.00013208,-8.2705e-05,0,0,-1.0547,0.0083171,,0.10488,0.10488,0.10835,0
0.47059,-0.0001333,-8.3065e-05,0,0,-1.0547,0.0083171,,0.1051,0.1051,0.10835,0
0.4706,-0.00013453,-8.3426e-05,0,0,-1.0547,0.008317,,0.10532,0.10532,0.10835,0
0.47062,-0.00013575,-8.3786e-05,0,0,-1.0547,0.0083169,,0.10553,0.10553,0.10835,0
0.47063,-0.00013697,-8.4146e-05,0,0,-1.0547,0.0083169,,0.10575,0.10575,0.10835,0
0.47065,-0.00013819,-8.4507e-05,0,0,-1.0547,0.0083168,,0.10597,0.10597,0.10835,0
0.47067,-0.00013942,-8.4867e-05,0,0,-1.0547,0.0083168,,0.10618,0.10618,0.10835,0
0.47068,-0.00014064,-8.5227e-05,0,0,-1.0547,0.0083167,,0.1064,0.1064,0.10835,0
0.4707,-0.00014186,-8.5595e-05,0,0,-1.0547,0.0083166,,0.10662,0.10662,0.10835,0
0.47071,-0.0001431,-8.5976e-05,0,0,-1.0547,0.0083166,,0.10683,0.10683,0.10835,0
0.47073,-0.00014433,-8.6358e-05,0,0,-1.0547,0.0083165,,0.10705,0.10705,0.10835,0
0.47074,-0.00014556,-8.6739e-05,0,0,-1.0547,0.0083165,,0.10727,0.10727,0.10835,0
0.47076,-0.00014679,-8.7121e-05,0,0,-1.0547,0.0083164,,0.10748,0.10748,0.10835,0
0.47078,-0.00014803,-8.7502e-05,0,0,-1.0547,0.0083163,,0.1077,0.1077,0.10835,0
0.47079,-0.00014926,-8.7884e-05,0,0,-1.0547,0.0083163,,0.10792,0.10792,0.10835,0
0.47081,-0.00015049,-8.8265e-05,0,0,-1.0547,0.0083162,,0.10813,0.10813,0.10835,0
0.47082,-0.00015172,-8.8647e-05,0,0,-1.0547,0.0083162,,0.10835,0.10835,0.10835,0
0.47084,-0.00015297,-8.9054e-05,0,0,-1.0547,0.0083161,,0.10857,0.10857,0.10835,0
0.47086,-0.00015421,-8.9462e-05,0,0,-1.0547,0.0083161,,0.10878,0.10878,0.10835,0
0.47087,-0.00015546,-8.987e-05,0,0,-1.0547,0.008316,,0.109,0.109,0.10835,0
0.47089,-0.0001567,-9.0278e-05,0,0,-1.0547,0.0083159,,0.10922,0.10922,0.10835,0
0.47091,-0.00015795,-9.0686e-05,0,0,-1.0547,0.0083159,,0.10943,0.10943,0.10835,0
0.47092,-0.00015919,-9.1094e-05,0,0,-1.0547,0.0083158,,0.10965,0.10965,0.10835,0
0.47094,-0.00016044,-9.1502e-05,0,0,-1.0547,0.0083158,,0.10987,0.10987,0.10835,0
0.47095,-0.00016168,-9.191e-05,0,0,-1.0547,0.0083157,,0.11008,0.11008,0.10835,0
0.47097,-0.00016294,-9.2339e-05,0,0,-1.0547,0.0083156,,0.1103,0.1103,0.10835,0
0.47099,-0.0001642,-9.2778e-05,0,0,-1.0547,0.0083156,,0.11052,0.11052,0.10835,0
0.471,-0.00016546,-9.3218e-05,0,0,-1.0547,0.0083155,,0.11073,0.11073,0.10835,0
0.47102,-0.00016672,-9.3658e-05,0,0,-1.0547,0.0083154,,0.11095,0.11095,0.10835,0
0.47104,-0.00016798,-9.4097e-05,0,0,-1.0547,0.0083154,,0.11117,0.11117,0.10835,0
0.47105,-0.00016924,-9.4537e-05,0,0,-1.0547,0.0083153,,0.11138,0.11138,0.10835,0
0.47107,-0.0001705,-9.4976e-05,0,0,-1.0547,0.0083153,,0.1116,0.1116,0.10835,0
0.47109,-0.00017176,-9.5416e-05,0,0,-1.0547,0.0083152,,0.11182,0.11182,0.10835,0
0.4711,-0.00017303,-9.5868e-05,0,0,-1.0547,0.0083151,,0.11203,0.11203,0.10835,0
0.47112,-0.00017431,-9.6344e-05,0,0,-1.0547,0.0083151,,0.11225,0.11225,0.10835,0
0.47114,-0.00017559,-9.6821e-05,0,0,-1.0547,0.008315,,0.11247,0.11247,0.10835,0
0.47115,-0.00017687,-9.7297e-05,0,0,-1.0547,0.008315,,0.11268,0.11268,0.10835,0
0.47117,-0.00017815,-9.7774e-05,0,0,-1.0547,0.0083149,,0.1129,0.1129,0.10835,0
0.47119,-0.00017943,-9.825e-05,0,0,-1.0547,0.0083148,,0.11312,0.11312,0.10835,0
0.4712,-0.0001807,-9.8727e-05,0,0,-1.0547,0.0083148,,0.11333,0.11333,0.10835,0
0.47122,-0.00018198,-9.9203e-05,0,0,-1.0547,0.0083147,,0.11355,0.11355,0.10835,0
0.47123,-0.00018326,-9.968e-05,0,0,-1.0547,0.0083146,,0.11377,0.11377,0.10835,0
0.47125,-0.00018457,-0.0001002,0,0,-1.0547,0.0083146,,0.11398,0.11398,0.10835,0
0.47127,-0.00018587,-0.00010072,0,0,-1.0547,0.0083145,,0.1142,0.1142,0.10835,0
0.47128,-0.00018717,-0.00010124,0,0,-1.0547,0.0083145,,0.11442,0.11442,0.10835,0
0.4713,-0.00018847,-0.00010175,0,0,-1.0547,0.0083144,,0.11463,0.11463,0.10835,0
0.47132,-0.00018977,-0.00010227,0,0,-1.0547,0.0083143,,0.11485,0.11485,0.10835,0
0.47133,-0.00019108,-0.00010279,0,0,-1.0547,0.0083143,,0.11507,0.11507,0.10835,0
0.47135,-0.00019238,-0.00010331,0,0,-1.0547,0.0083142,,0.11528,0.11528,0.10835,0
0.47137,-0.00019368,-0.00010383,0,0,-1.0547,0.0083142,,0.1155,0.1155,0.10835,0
0.47138,-0.000195,-0.00010438,0,0,-1.0547,0.0083141,,0.11572,0.11572,0.10835,0
0.4714,-0.00019633,-0.00010495,0,0,-1.0547,0.008314,,0.11593,0.11593,0.10835,0
0.47141,-0.00019765,-0.00010551,0,0,-1.0547,0.008314,,0.11615,0.11615,0.10835,0
0.47143,-0.00019898,-0.00010608,0,0,-1.0547,0.0083139,,0.11637,0.11637,0.10835,0
0.47145,-0.00020031,-0.00010664,0,0,-1.0547,0.0083139,,0.11658,0.11658,0.10835,0
0.47146,-0.00020164,-0.00010721,0,0,-1.0547,0.0083138,,0.1168,0.1168,0.10835,0
0.47148,-0.00020297,-0.00010777,0,0,-1.0547,0.0083137,,0.11702,0.11702,0.10835,0
0.47149,-0.00020429,-0.00010834,0,0,-1.0547,0.0083137,,0.11723,0.11723,0.10835,0
0.47151,-0.00020563,-0.00010892,0,0,-1.0547,0.0083136,,0.11745,0.11745,0.10835,0
0.47152,-0.00020699,-0.00010954,0,0,-1.0547,0.0083136,,0.11767,0.11767,0.10835,0
0.47154,-0.00020835,-0.00011016,0,0,-1.0547,0.0083135,,0.11788,0.11788,0.10835,0
0.47156,-0.0002097,-0.00011077,0,0,-1.0547,0.0083134,,0.1181,0.1181,0.10835,0
0.47157,-0.00021106,-0.00011139,0,0,-1.0547,0.0083134,,0.11832,0.11832,0.10835,0
0.47159,-0.00021242,-0.00011201,0,0,-1.0547,0.0083133,,0.11853,0.11853,0.10835,0
0.4716,-0.00021378,-0.00011262,0,0,-1.0547,0.0083133,,0.11875,0.11875,0.10835,0
0.47162,-0.00021513,-0.00011324,0,0,-1.0547,0.0083132,,0.11897,0.11897,0.10835,0
0.47163,-0.00021649,-0.00011386,0,0,-1.0547,0.0083132,,0.11919,0.11919,0.10835,0
0.47165,-0.00021788,-0.00011453,0,0,-1.0547,0.0083131,,0.1194,0.1194,0.10835,0
0.47166,-0.00021927,-0.0001152,0,0,-1.0547,0.008313,,0.11962,0.11962,0.10835,0
0.47168,-0.00022066,-0.00011587,0,0,-1.0547,0.008313,,0.11984,0.11984,0.10835,0
0.47169,-0.00022205,-0.00011655,0,0,-1.0547,0.0083129,,0.12005,0.12005,0.10835,0
0.47171,-0.00022344,-0.00011722,0,0,-1.0547,0.0083129,,0.12027,0.12027,0.10835,0
0.47172,-0.00022483,-0.00011789,0,0,-1.0547,0.0083128,,0.12049,0.12049,0.10835,0
0.47174,-0.00022622,-0.00011856,0,0,-1.0547,0.0083128,,0.1207,0.1207,0.10835,0
0.47175,-0.00022761,-0.00011923,0,0,-1.0547,0.0083127,,0.12092,0.12092,0.10835,0
0.47176,-0.00022903,-0.00011995,0,0,-1.0547,0.0083127,,0.12114,0.12114,0.10835,0
0.47178,-0.00023045,-0.00012067,0,0,-1.0547,0.0083126,,0.12135,0.12135,0.10835,0
0.47179,-0.00023188,-0.0001214,0,0,-1.0547,0.0083126,,0.12157,0.12157,0.10835,0
0.47181,-0.0002333,-0.00012213,0,0,-1.0547,0.0083125,,0.12179,0.12179,0.10835,0
0.47182,-0.00023473,-0.00012286,0,0,-1.0547,0.0083125,,0.122,0.122,0.10835,0
0.47183,-0.00023616,-0.00012359,0,0,-1.0547,0.0083124,,0.12222,0.12222,0.10835,0
0.47185,-0.00023758,-0.00012432,0,0,-1.0547,0.0083124,,0.12244,0.12244,0.10835,0
0.47186,-0.00023901,-0.00012505,0,0,-1.0547,0.0083123,,0.12265,0.12265,0.10835,0
0.47187,-0.00024045,-0.0001258,0,0,-1.0547,0.0083123,,0.12287,0.12287,0.10835,0
0.47189,-0.00024191,-0.00012658,0,0,-1.0547,0.0083122,,0.12309,0.12309,0.10835,0
0.4719,-0.00024338,-0.00012737,0,0,-1.0547,0.0083122,,0.1233,0.1233,0.10835,0
0.47191,-0.00024484,-0.00012816,0,0,-1.0547,0.0083121,,0.12352,0.12352,0.10835,0
0.47192,-0.0002463,-0.00012894,0,0,-1.0547,0.0083121,,0.12374,0.12374,0.10835,0
0.47193,-0.00024777,-0.00012973,0,0,-1.0547,0.008312,,0.12395,0.12395,0.10835,0
0.47195,-0.00024923,-0.00013052,0,0,-1.0547,0.008312,,0.12417,0.12417,0.10835,0
0.47196,-0.0002507,-0.0001313,0,0,-1.0547,0.0083119,,0.12439,0.12439,0.10835,0
0.47197,-0.00025216,-0.00013209,0,0,-1.0547,0.0083119,,0.1246,0.1246,0.10835,0
0.47198,-0.00025366,-0.00013293,0,0,-1.0547,0.0083118,,0.12482,0.12482,0.10835,0
0.47199,-0.00025517,-0.00013377,0,0,-1.0547,0.0083118,,0.12504,0.12504,0.10835,0
0.472,-0.00025667,-0.00013461,0,0,-1.0547,0.0083118,,0.12525,0.12525,0.10835,0
0.47201,-0.00025818,-0.00013545,0,0,-1.0547,0.0083117,,0.12547,0.12547,0.10835,0
0.47203,-0.00025968,-0.0001363,0,0,-1.0547,0.0083117,,0.12569,0.12569,0.10835,0
0.47204,-0.00026118,-0.00013714,0,0,-1.0547,0.0083116,,0.1259,0.1259,0.10835,0
0.47205,-0.00026269,-0.00013798,0,0,-1.0547,0.0083116,,0.12612,0.12612,0.10835,0
0.47206,-0.00026419,-0.00013882,0,0,-1.0547,0.0083115,,0.12634,0.12634,0.10835,0
0.47207,-0.00026572,-0.00013969,0,0,-1.0547,0.0083115,,0.12655,0.12655,0.10835,0
0.47208,-0.00026727,-0.00014059,0,0,-1.0547,0.0083115,,0.12677,0.12677,0.10835,0
0.47209,-0.00026881,-0.00014148,0,0,-1.0547,0.0083114,,0.12699,0.12699,0.10835,0
0.47209,-0.00027035,-0.00014237,0,0,-1.0547,0.0083114,,0.1272,0.1272,0.10835,0
0.4721,-0.0002719,-0.00014326,0,0,-1.0547,0.0083114,,0.12742,0.12742,0.10835,0
0.47211,-0.00027344,-0.00014415,0,0,-1.0547,0.0083113,,0.12764,0.12764,0.10835,0
0.47212,-0.00027499,-0.00014504,0,0,-1.0547,0.0083113,,0.12785,0.12785,0.10835,0
0.47213,-0.00027653,-0.00014593,0,0,-1.0547,0.0083113,,0.12807,0.12807,0.10835,0
0.47214,-0.00027809,-0.00014683,0,0,-1.0547,0.0083112,,0.12829,0.12829,0.10835,0
0.47214,-0.00027967,-0.00014776,0,0,-1.0547,0.0083112,,0.1285,0.1285,0.10835,0
0.47215,-0.00028125,-0.00014869,0,0,-1.0547,0.0083112,,0.12872,0.12872,0.10835,0
0.47216,-0.00028283,-0.00014962,0,0,-1.0547,0.0083112,,0.12894,0.12894,0.10835,0
0.47216,-0.00028442,-0.00015055,0,0,-1.0547,0.0083111,,0.12915,0.12915,0.10835,0
0.47217,-0.000286,-0.00015148,0,0,-1.0547,0.0083111,,0.12937,0.12937,0.10835,0
0.47218,-0.00028758,-0.00015241,0,0,-1.0547,0.0083111,,0.12959,0.12959,0.10835,0
0.47218,-0.00028916,-0.00015334,0,0,-1.0547,0.0083111,,0.1298,0.1298,0.10835,0
0.47219,-0.00029075,-0.00015427,0,0,-1.0547,0.008311,,0.13002,0.13002,0.10835,0
0.47219,-0.00029236,-0.00015522,0,0,-1.0547,0.008311,,0.13024,0.13024,0.10835,0
0.4722,-0.00029398,-0.00015617,0,0,-1.0547,0.008311,,0.13045,0.13045,0.10835,0
0.4722,-0.0002956,-0.00015712,0,0,-1.0547,0.008311,,0.13067,0.13067,0.10835,0
0.4722,-0.00029722,-0.00015807,0,0,-1.0547,0.008311,,0.13089,0.13089,0.10835,0
0.47221,-0.00029884,-0.00015902,0,0,-1.0547,0.008311,,0.1311,0.1311,0.10835,0
0.47221,-0.00030045,-0.00015998,0,0,-1.0547,0.0083109,,0.13132,0.13132,0.10835,0
0.47222,-0.00030207,-0.00016093,0,0,-1.0547,0.0083109,,0.13154,0.13154,0.10835,0
0.47222,-0.00030369,-0.00016188,0,0,-1.0547,0.0083109,,0.13175,0.13175,0.10835,0
0.47222,-0.00030533,-0.00016283,0,0,-1.0547,0.0083109,,0.13197,0.13197,0.10835,0
0.47222,-0.00030697,-0.00016378,0,0,-1.0547,0.0083109,,0.13219,0.13219,0.10835,0
0.47222,-0.00030862,-0.00016473,0,0,-1.0547,0.0083109,,0.1324,0.1324,0.10835,0
0.47222,-0.00031027,-0.00016568,0,0,-1.0547,0.0083109,,0.13262,0.13262,0.10835,0
0.47222,-0.00031191,-0.00016663,0,0,-1.0547,0.0083109,,0.13284,0.13284,0.10835,0
0.47223,-0.00031356,-0.00016759,0,0,-1.0547,0.0083109,,0.13305,0.13305,0.10835,0
0.47223,-0.00031521,-0.00016854,0,0,-1.0547,0.0083109,,0.13327,0.13327,0.10835,0
0.47223,-0.00031686,-0.00016949,0,0,-1.0547,0.0083109,,0.13349,0.13349,0.10835,0
0.47223,-0.00031851,-0.00017043,0,0,-1.0547,0.0083109,,0.1337,0.1337,0.10835,0
0.47222,-0.00032018,-0.00017135,0,0,-1.0547,0.0083109,,0.13392,0.13392,0.10835,0
0.47222,-0.00032184,-0.00017227,0,0,-1.0547,0.0083109,,0.13414,0.13414,0.10835,0
0.47222,-0.00032351,-0.00017319,0,0,-1.0547,0.0083109,,0.13435,0.13435,0.10835,0
0.47222,-0.00032518,-0.00017411,0,0,-1.0547,0.0083109,,0.13457,0.13457,0.10835,0
0.47221,-0.00032685,-0.00017503,0,0,-1.0547,0.0083109,,0.13479,0.13479,0.10835,0
0.47221,-0.00032851,-0.00017595,0,0,-1.0547,0.0083109,,0.135,0.135,0.10835,0
0.47221,-0.00033018,-0.00017687,0,0,-1.0547,0.0083109,,0.13522,0.13522,0.10835,0
0.47221,-0.00033185,-0.00017779,0,0,-1.0547,0.0083109,,0.13544,0.13544,0.10835,0
0.4722,-0.00033352,-0.00017863,0,0,-1.0547,0.0083109,,0.13565,0.13565,0.10835,0
0.47219,-0.0003352,-0.00017948,0,0,-1.0547,0.008311,,0.13587,0.13587,0.10835,0
0.47219,-0.00033687,-0.00018033,0,0,-1.0547,0.008311,,0.13609,0.13609,0.10835,0
0.47218,-0.00033855,-0.00018118,0,0,-1.0547,0.008311,,0.1363,0.1363,0.10835,0
0.47217,-0.00034022,-0.00018202,0,0,-1.0547,0.008311,,0.13652,0.13652,0.10835,0
0.47217,-0.00034189,-0.00018287,0,0,-1.0547,0.008311,,0.13674,0.13674,0.10835,0
0.47216,-0.00034357,-0.00018372,0,0,-1.0547,0.0083111,,0.13695,0.13695,0.10835,0
0.47215,-0.00034524,-0.00018457,0,0,-1.0547,0.0083111,,0.13717,0.13717,0.10835,0
0.47214,-0.00034691,-0.00018533,0,0,-1.0547,0.0083111,,0.13739,0.13739,0.10835,0
0.47213,-0.00034858,-0.00018605,0,0,-1.0547,0.0083112,,0.1376,0.1376,0.10835,0
0.47212,-0.00035024,-0.00018678,0,0,-1.0547,0.0083112,,0.13782,0.13782,0.10835,0
0.47211,-0.00035191,-0.0001875,0,0,-1.0547,0.0083112,,0.13804,0.13804,0.10835,0
0.4721,-0.00035357,-0.00018823,0,0,-1.0547,0.0083113,,0.13825,0.13825,0.10835,0
0.47209,-0.00035524,-0.00018895,0,0,-1.0547,0.0083113,,0.13847,0.13847,0.10835,0
0.47208,-0.0003569,-0.00018968,0,0,-1.0547,0.0083113,,0.13869,0.13869,0.10835,0
0.47207,-0.00035856,-0.0001904,0,0,-1.0547,0.0083114,,0.1389,0.1389,0.10835,0
0.47206,-0.00036022,-0.00019106,0,0,-1.0547,0.0083114,,0.13912,0.13912,0.10835,0
0.47204,-0.00036185,-0.0001916,0,0,-1.0547,0.0083115,,0.13934,0.13934,0.10835,0
0.47203,-0.00036348,-0.00019214,0,0,-1.0547,0.0083115,,0.13955,0.13955,0.10835,0
0.47201,-0.00036512,-0.00019268,0,0,-1.0547,0.0083116,,0.13977,0.13977,0.10835,0
0.472,-0.00036675,-0.00019322,0,0,-1.0547,0.0083116,,0.13999,0.13999,0.10835,0
0.47198,-0.00036838,-0.00019376,0,0,-1.0547,0.0083117,,0.1402,0.1402,0.10835,0
0.47197,-0.00037002,-0.0001943,0,0,-1.0547,0.0083117,,0.14042,0.14042,0.10835,0
0.47195,-0.00037165,-0.00019483,0,0,-1.0547,0.0083118,,0.14064,0.14064,0.10835,0
0.47194,-0.00037328,-0.00019537,0,0,-1.0547,0.0083118,,0.14085,0.14085,0.10835,0
0.47192,-0.00037485,-0.00019565,0,0,-1.0547,0.0083119,,0.14107,0.14107,0.10835,0
0.4719,-0.00037643,-0.00019593,0,0,-1.0547,0.008312,,0.14129,0.14129,0.10835,0
0.47188,-0.000378,-0.00019621,0,0,-1.0547,0.008312,,0.14151,0.14151,0.10835,0
0.47186,-0.00037957,-0.00019649,0,0,-1.0547,0.0083121,,0.14172,0.14172,0.10835,0
0.47184,-0.00038115,-0.00019677,0,0,-1.0547,0.0083122,,0.14194,0.14194,0.10835,0
0.47182,-0.00038272,-0.00019704,0,0,-1.0547,0.0083123,,0.14216,0.14216,0.10835,0
0.4718,-0.00038429,-0.00019732,0,0,-1.0547,0.0083123,,0.14237,0.14237,0.10835,0
0.47178,-0.00038587,-0.0001976,0,0,-1.0547,0.0083124,,0.14259,0.14259,0.10835,0
0.47176,-0.00038738,-0.00019765,0,0,-1.0547,0.0083125,,0.14281,0.14281,0.10835,0
0.47173,-0.00038886,-0.00019758,0,0,-1.0547,0.0083126,,0.14302,0.14302,0.10835,0
0.47171,-0.00039034,-0.00019751,0,0,-1.0547,0.0083127,,0.14324,0.14324,0.10835,0
0.47168,-0.00039182,-0.00019745,0,0,-1.0547,0.0083127,,0.14346,0.14346,0.10835,0
0.47166,-0.0003933,-0.00019738,0,0,-1.0547,0.0083128,,0.14367,0.14367,0.10835,0
0.47164,-0.00039478,-0.00019731,0,0,-1.0547,0.0083129,,0.14389,0.14389,0.10835,0
0.47161,-0.00039626,-0.00019724,0,0,-1.0547,0.008313,,0.14411,0.14411,0.10835,0
0.47159,-0.00039773,-0.00019717,0,0,-1.0547,0.0083131,,0.14432,0.14432,0.10835,0
0.47156,-0.00039917,-0.00019696,0,0,-1.0547,0.0083132,,0.14454,0.14454,0.10835,0
0.47153,-0.00040052,-0.00019645,0,0,-1.0547,0.0083133,,0.14476,0.14476,0.10835,0
0.4715,-0.00040186,-0.00019593,0,0,-1.0547,0.0083134,,0.14497,0.14497,0.10835,0
0.47147,-0.00040321,-0.00019542,0,0,-1.0547,0.0083135,,0.14519,0.14519,0.10835,0
0.47145,-0.00040456,-0.00019491,0,0,-1.0547,0.0083136,,0.14541,0.14541,0.10835,0
0.47142,-0.0004059,-0.0001944,0,0,-1.0547,0.0083137,,0.14562,0.14562,0.10835,0
0.47139,-0.00040725,-0.00019388,0,0,-1.0547,0.0083138,,0.14584,0.14584,0.10835,0
0.47136,-0.0004086,-0.00019337,0,0,-1.0547,0.0083139,,0.14606,0.14606,0.10835,0
0.47133,-0.00040994,-0.00019286,0,0,-1.0547,0.008314,,0.14627,0.14627,0.10835,0
0.4713,-0.00041111,-0.00019179,0,0,-1.0547,0.0083141,,0.14649,0.14649,0.10835,0
0.47126,-0.00041227,-0.00019073,0,0,-1.0547,0.0083143,,0.14671,0.14671,0.10835,0
0.47123,-0.00041344,-0.00018966,0,0,-1.0547,0.0083144,,0.14692,0.14692,0.10835,0
0.4712,-0.00041461,-0.0001886,0,0,-1.0547,0.0083145,,0.14714,0.14714,0.10835,0
0.47117,-0.00041577,-0.00018753,0,0,-1.0547,0.0083146,,0.14736,0.14736,0.10835,0
0.47113,-0.00041694,-0.00018647,0,0,-1.0547,0.0083147,,0.14757,0.14757,0.10835,0
0.4711,-0.00041811,-0.0001854,0,0,-1.0547,0.0083148,,0.14779,0.14779,0.10835,0
0.47107,-0.00041927,-0.00018434,0,0,-1.0547,0.008315,,0.14801,0.14801,0.10835,0
0.47103,-0.00042028,-0.00018283,0,0,-1.0547,0.0083151,,0.14822,0.14822,0.10835,0
0.471,-0.00042122,-0.00018109,0,0,-1.0547,0.0083152,,0.14844,0.14844,0.10835,0
0.47096,-0.00042215,-0.00017936,0,0,-1.0547,0.0083154,,0.14866,0.14866,0.10835,0
0.47092,-0.00042308,-0.00017763,0,0,-1.0547,0.0083155,,0.14887,0.14887,0.10835,0
0.47089,-0.00042402,-0.00017589,0,0,-1.0547,0.0083156,,0.14909,0.14909,0.10835,0
0.47085,-0.00042495,-0.00017416,0,0,-1.0547,0.0083158,,0.14931,0.14931,0.10835,0
0.47081,-0.00042588,-0.00017243,0,0,-1.0547,0.0083159,,0.14952,0.14952,0.10835,0
0.47078,-0.00042682,-0.0001707,0,0,-1.0547,0.008316,,0.14974,0.14974,0.10835,0
0.47074,-0.00042765,-0.0001687,0,0,-1.0547,0.0083162,,0.14996,0.14996,0.10835,0
0.4707,-0.00042829,-0.00016618,0,0,-1.0547,0.0083163,,0.15017,0.15017,0.10835,0
0.47066,-0.00042894,-0.00016366,0,0,-1.0547,0.0083164,,0.15039,0.15039,0.10835,0
0.47062,-0.00042958,-0.00016114,0,0,-1.0547,0.0083166,,0.15061,0.15061,0.10835,0
0.47058,-0.00043022,-0.00015862,0,0,-1.0547,0.0083167,,0.15082,0.15082,0.10835,0
0.47055,-0.00043086,-0.0001561,0,0,-1.0547,0.0083169,,0.15104,0.15104,0.10835,0
0.47051,-0.0004315,-0.00015358,0,0,-1.0547,0.008317,,0.15126,0.15126,0.10835,0
0.47047,-0.00043214,-0.00015106,0,0,-1.0547,0.0083171,,0.15147,0.15147,0.10835,0
0.47043,-0.00043278,-0.00014854,0,0,-1.0547,0.0083173,,0.15169,0.15169,0.10835,0
0.47039,-0.00043307,-0.00014512,0,0,-1.0547,0.0083174,,0.15191,0.15191,0.10835,0
0.47035,-0.00043335,-0.0001417,0,0,-1.0547,0.0083176,,0.15212,0.15212,0.10835,0
0.47031,-0.00043363,-0.00013828,0,0,-1.0547,0.0083177,,0.15234,0.15234,0.10835,0
0.47027,-0.00043392,-0.00013486,0,0,-1.0547,0.0083179,,0.15256,0.15256,0.10835,0
0.47023,-0.0004342,-0.00013144,0,0,-1.0547,0.008318,,0.15277,0.15277,0.10835,0
0.47019,-0.00043448,-0.00012802,0,0,-1.0547,0.0083182,,0.15299,0.15299,0.10835,0
0.47015,-0.00043477,-0.0001246,0,0,-1.0547,0.0083183,,0.15321,0.15321,0.10835,0
0.47011,-0.00043505,-0.00012117,0,0,-1.0547,0.0083185,,0.15342,0.15342,0.10835,0
0.47007,-0.00043505,-0.00011708,0,0,-1.0547,0.0083186,,0.15364,0.15364,0.10835,0
0.47003,-0.00043491,-0.00011265,0,0,-1.0547,0.0083188,,0.15386,0.15386,0.10835,0
0.46999,-0.00043477,-0.00010822,0,0,-1.0547,0.0083189,,0.15407,0.15407,0.10835,0
0.46995,-0.00043463,-0.0001038,0,0,-1.0547,0.008319,,0.15429,0.15429,0.10835,0
0.46991,-0.00043449,-9.9367e-05,0,0,-1.0547,0.0083192,,0.15451,0.15451,0.10835,0
0.46987,-0.00043434,-9.4939e-05,0,0,-1.0547,0.0083193,,0.15472,0.15472,0.10835,0
0.46984,-0.0004342,-9.0511e-05,0,0,-1.0547,0.0083195,,0.15494,0.15494,0.10835,0
0.4698,-0.00043406,-8.6082e-05,0,0,-1.0547,0.0083196,,0.15516,0.15516,0.10835,0
0.46976,-0.00043375,-8.129e-05,0,0,-1.0547,0.0083198,,0.15537,0.15537,0.10835,0
0.46972,-0.00043311,-7.577e-05,0,0,-1.0547,0.0083199,,0.15559,0.15559,0.10835,0
0.46969,-0.00043247,-7.0251e-05,0,0,-1.0547,0.00832,,0.15581,0.15581,0.10835,0
0.46965,-0.00043184,-6.4731e-05,0,0,-1.0547,0.0083202,,0.15602,0.15602,0.10835,0
0.46961,-0.0004312,-5.9212e-05,0,0,-1.0547,0.0083203,,0.15624,0.15624,0.10835,0
0.46958,-0.00043056,-5.3692e-05,0,0,-1.0547,0.0083204,,0.15646,0.15646,0.10835,0
0.46954,-0.00042992,-4.8173e-05,0,0,-1.0547,0.0083206,,0.15667,0.15667,0.10835,0
0.46951,-0.00042928,-4.2654e-05,0,0,-1.0547,0.0083207,,0.15689,0.15689,0.10835,0
0.46947,-0.00042864,-3.7134e-05,0,0,-1.0547,0.0083208,,0.15711,0.15711,0.10835,0
0.46944,-0.00042744,-3.0473e-05,0,0,-1.0547,0.008321,,0.15732,0.15732,0.10835,0
0.46941,-0.00042623,-2.3811e-05,0,0,-1.0547,0.0083211,,0.15754,0.15754,0.10835,0
0.46938,-0.00042503,-1.715e-05,0,0,-1.0547,0.0083212,,0.15776,0.15776,0.10835,0
0.46935,-0.00042382,-1.0488e-05,0,0,-1.0547,0.0083213,,0.15797,0.15797,0.10835,0
0.46932,-0.00042261,-3.8269e-06,0,0,-1.0547,0.0083214,,0.15819,0.15819,0.10835,0
0.46929,-0.00042141,2.8348e-06,0,0,-1.0547,0.0083215,,0.15841,0.15841,0.10835,0
0.46926,-0.0004202,9.4961e-06,0,0,-1.0547,0.0083216,,0.15862,0.15862,0.10835,0
0.46923,-0.000419,1.6158e-05,0,0,-1.0547,0.0083217,,0.15884,0.15884,0.10835,0
0.46921,-0.00041737,2.3581e-05,0,0,-1.0547,0.0083218,,0.15906,0.15906,0.10835,0
0.46919,-0.00041553,3.1385e-05,0,0,-1.0547,0.0083219,,0.15927,0.15927,0.10835,0
0.46917,-0.00041369,3.9189e-05,0,0,-1.0547,0.008322,,0.15949,0.15949,0.10835,0
0.46915,-0.00041185,4.6993e-05,0,0,-1.0547,0.0083221,,0.15971,0.15971,0.10835,0
0.46913,-0.00041001,5.4797e-05,0,0,-1.0547,0.0083221,,0.15992,0.15992,0.10835,0
0.46911,-0.00040817,6.2601e-05,0,0,-1.0547,0.0083222,,0.16014,0.16014,0.10835,0
0.46909,-0.00040633,7.0405e-05,0,0,-1.0547,0.0083223,,0.16036,0.16036,0.10835,0
0.46907,-0.00040449,7.8209e-05,0,0,-1.0547,0.0083224,,0.16057,0.16057,0.10835,0
0.46906,-0.00040242,8.6369e-05,0,0,-1.0547,0.0083224,,0.16079,0.16079,0.10835,0
0.46905,-0.00039989,9.5241e-05,0,0,-1.0547,0.0083225,,0.16101,0.16101,0.10835,0
0.46905,-0.00039736,0.00010411,0,0,-1.0547,0.0083225,,0.16122,0.16122,0.10835,0
0.46905,-0.00039483,0.00011298,0,0,-1.0547,0.0083225,,0.16144,0.16144,0.10835,0
0.46904,-0.00039229,0.00012186,0,0,-1.0547,0.0083225,,0.16166,0.16166,0.10835,0
0.46904,-0.00038976,0.00013073,0,0,-1.0547,0.0083225,,0.16187,0.16187,0.10835,0
0.46903,-0.00038723,0.0001396,0,0,-1.0547,0.0083226,,0.16209,0.16209,0.10835,0
0.46903,-0.00038469,0.00014847,0,0,-1.0547,0.0083226,,0.16231,0.16231,0.10835,0
0.46902,-0.00038216,0.00015734,0,0,-1.0547,0.0083226,,0.16252,0.16252,0.10835,0
0.46904,-0.00037889,0.00016711,0,0,-1.0547,0.0083226,,0.16274,0.16274,0.10835,0
0.46906,-0.00037562,0.00017687,0,0,-1.0547,0.0083225,,0.16296,0.16296,0.10835,0
0.46907,-0.00037236,0.00018664,0,0,-1.0547,0.0083225,,0.16318,0.16318,0.10835,0
0.46909,-0.00036909,0.0001964,0,0,-1.0547,0.0083224,,0.16339,0.16339,0.10835,0
0.4691,-0.00036582,0.00020617,0,0,-1.0547,0.0083224,,0.16361,0.16361,0.10835,0
0.46912,-0.00036255,0.00021593,0,0,-1.0547,0.0083223,,0.16383,0.16383,0.10835,0
0.46914,-0.00035928,0.0002257,0,0,-1.0547,0.0083223,,0.16404,0.16404,0.10835,0
0.46915,-0.00035601,0.00023546,0,0,-1.0547,0.0083222,,0.16426,0.16426,0.10835,0
0.46919,-0.00035224,0.00024562,0,0,-1.0547,0.0083221,,0.16448,0.16448,0.10835,0
0.46923,-0.00034821,0.00025597,0,0,-1.0547,0.008322,,0.16469,0.16469,0.10835,0
0.46927,-0.00034418,0.00026633,0,0,-1.0547,0.0083218,,0.16491,0.16491,0.10835,0
0.46931,-0.00034015,0.00027668,0,0,-1.0547,0.0083217,,0.16513,0.16513,0.10835,0
0.46935,-0.00033612,0.00028703,0,0,-1.0547,0.0083215,,0.16534,0.16534,0.10835,0
0.4694,-0.00033209,0.00029739,0,0,-1.0547,0.0083214,,0.16556,0.16556,0.10835,0
0.46944,-0.00032806,0.00030774,0,0,-1.0547,0.0083212,,0.16578,0.16578,0.10835,0
0.46948,-0.00032403,0.00031809,0,0,-1.0547,0.0083211,,0.16599,0.16599,0.10835,0
0.46953,-0.00031975,0.00032849,0,0,-1.0547,0.0083209,,0.16621,0.16621,0.10835,0
0.46961,-0.00031497,0.00033897,0,0,-1.0547,0.0083207,,0.16643,0.16643,0.10835,0
0.46968,-0.00031018,0.00034945,0,0,-1.0547,0.0083204,,0.16664,0.16664,0.10835,0
0.46975,-0.00030539,0.00035993,0,0,-1.0547,0.0083202,,0.16686,0.16686,0.10835,0
0.46983,-0.0003006,0.00037041,0,0,-1.0547,0.0083199,,0.16708,0.16708,0.10835,0
0.4699,-0.00029581,0.00038089,0,0,-1.0547,0.0083196,,0.16729,0.16729,0.10835,0
0.46997,-0.00029103,0.00039138,0,0,-1.0547,0.0083194,,0.16751,0.16751,0.10835,0
0.47005,-0.00028624,0.00040186,0,0,-1.0547,0.0083191,,0.16773,0.16773,0.10835,0
0.47012,-0.00028145,0.00041234,0,0,-1.0547,0.0083189,,0.16794,0.16794,0.10835,0
0.47023,-0.00027594,0.00042229,0,0,-1.0547,0.0083185,,0.16816,0.16816,0.10835,0
0.47035,-0.00027042,0.00043224,0,0,-1.0547,0.0083181,,0.16838,0.16838,0.10835,0
0.47046,-0.00026491,0.0004422,0,0,-1.0547,0.0083177,,0.16859,0.16859,0.10835,0
0.47057,-0.0002594,0.00045215,0,0,-1.0547,0.0083173,,0.16881,0.16881,0.10835,0
0.47068,-0.00025388,0.0004621,0,0,-1.0547,0.0083169,,0.16903,0.16903,0.10835,0
0.47079,-0.00024837,0.00047206,0,0,-1.0547,0.0083165,,0.16924,0.16924,0.10835,0
0.4709,-0.00024286,0.00048201,0,0,-1.0547,0.0083161,,0.16946,0.16946,0.10835,0
0.47101,-0.00023734,0.00049196,0,0,-1.0547,0.0083157,,0.16968,0.16968,0.10835,0
0.47115,-0.00023139,0.00050098,0,0,-1.0547,0.0083152,,0.16989,0.16989,0.10835,0
0.47131,-0.00022522,0.00050952,0,0,-1.0547,0.0083147,,0.17011,0.17011,0.10835,0
0.47146,-0.00021905,0.00051807,0,0,-1.0547,0.0083141,,0.17033,0.17033,0.10835,0
0.47162,-0.00021288,0.00052661,0,0,-1.0547,0.0083136,,0.17054,0.17054,0.10835,0
0.47177,-0.00020671,0.00053515,0,0,-1.0547,0.008313,,0.17076,0.17076,0.10835,0
0.47193,-0.00020054,0.0005437,0,0,-1.0547,0.0083125,,0.17098,0.17098,0.10835,0
0.47208,-0.00019436,0.00055224,0,0,-1.0547,0.008312,,0.17119,0.17119,0.10835,0
0.47224,-0.00018819,0.00056079,0,0,-1.0547,0.0083114,,0.17141,0.17141,0.10835,0
0.47241,-0.00018184,0.00056848,0,0,-1.0547,0.0083108,,0.17163,0.17163,0.10835,0
0.47261,-0.00017512,0.00057447,0,0,-1.0547,0.0083101,,0.17184,0.17184,0.10835,0
0.47282,-0.0001684,0.00058045,0,0,-1.0547,0.0083094,,0.17206,0.17206,0.10835,0
0.47302,-0.00016168,0.00058644,0,0,-1.0547,0.0083086,,0.17228,0.17228,0.10835,0
0.47322,-0.00015496,0.00059243,0,0,-1.0547,0.0083079,,0.17249,0.17249,0.10835,0
0.47343,-0.00014824,0.00059842,0,0,-1.0547,0.0083072,,0.17271,0.17271,0.10835,0
0.47363,-0.00014152,0.00060441,0,0,-1.0547,0.0083065,,0.17293,0.17293,0.10835,0
0.47383,-0.0001348,0.0006104,0,0,-1.0547,0.0083057,,0.17314,0.17314,0.10835,0
0.47404,-0.00012808,0.00061639,0,0,-1.0547,0.008305,,0.17336,0.17336,0.10835,0
0.47429,-0.00012097,0.00061838,0,0,-1.0547,0.0083041,,0.17358,0.17358,0.10835,0
0.47455,-0.00011385,0.00062037,0,0,-1.0547,0.0083032,,0.17379,0.17379,0.10835,0
0.4748,-0.00010673,0.00062236,0,0,-1.0547,0.0083023,,0.17401,0.17401,0.10835,0
0.47506,-9.9613e-05,0.00062435,0,0,-1.0547,0.0083014,,0.17423,0.17423,0.10835,0
0.47531,-9.2496e-05,0.00062634,0,0,-1.0547,0.0083005,,0.17444,0.17444,0.10835,0
0.47557,-8.5378e-05,0.00062833,0,0,-1.0547,0.0082996,,0.17466,0.17466,0.10835,0
0.47582,-7.8261e-05,0.00063032,0,0,-1.0547,0.0082987,,0.17488,0.17488,0.10835,0
0.47608,-7.1144e-05,0.00063231,0,0,-1.0547,0.0082977,,0.17509,0.17509,0.10835,0
0.47637,-6.3892e-05,0.00063046,0,0,-1.0547,0.0082967,,0.17531,0.17531,0.10835,0
0.47668,-5.6572e-05,0.00062668,0,0,-1.0547,0.0082956,,0.17553,0.17553,0.10835,0
0.47698,-4.9253e-05,0.00062291,0,0,-1.0547,0.0082945,,0.17574,0.17574,0.10835,0
0.47729,-4.1933e-05,0.00061913,0,0,-1.0547,0.0082934,,0.17596,0.17596,0.10835,0
0.4776,-3.4614e-05,0.00061536,0,0,-1.0547,0.0082923,,0.17618,0.17618,0.10835,0
0.47791,-2.7295e-05,0.00061159,0,0,-1.0547,0.0082912,,0.17639,0.17639,0.10835,0
0.47822,-1.9976e-05,0.00060781,0,0,-1.0547,0.0082901,,0.17661,0.17661,0.10835,0
0.47852,-1.2656e-05,0.00060404,0,0,-1.0547,0.008289,,0.17683,0.17683,0.10835,0
0.47885,-5.3529e-06,0.00059764,0,0,-1.0547,0.0082878,,0.17704,0.17704,0.10835,0
0.47921,1.9192e-06,0.00058601,0,0,-1.0547,0.0082866,,0.17726,0.17726,0.10835,0
0.47957,9.1909e-06,0.00057437,0,0,-1.0547,0.0082853,,0.17748,0.17748,0.10835,0
0.47992,1.6463e-05,0.00056273,0,0,-1.0547,0.008284,,0.17769,0.17769,0.10835,0
0.48028,2.3735e-05,0.0005511,0,0,-1.0547,0.0082827,,0.17791,0.17791,0.10835,0
0.48064,3.1007e-05,0.00053946,0,0,-1.0547,0.0082814,,0.17813,0.17813,0.10835,0
0.481,3.8279e-05,0.00052782,0,0,-1.0547,0.0082802,,0.17834,0.17834,0.10835,0
0.48136,4.5551e-05,0.00051619,0,0,-1.0547,0.0082789,,0.17856,0.17856,0.10835,0
0.48172,5.2822e-05,0.00050455,0,0,-1.0547,0.0082776,,0.17878,0.17878,0.10835,0
0.48212,5.9737e-05,0.00048264,0,0,-1.0547,0.0082762,,0.17899,0.17899,0.10835,0
0.48252,6.6651e-05,0.00046072,0,0,-1.0547,0.0082747,,0.17921,0.17921,0.10835,0
0.48292,7.3565e-05,0.00043881,0,0,-1.0547,0.0082733,,0.17943,0.17943,0.10835,0
0.48332,8.0479e-05,0.0004169,0,0,-1.0547,0.0082718,,0.17964,0.17964,0.10835,0
0.48372,8.7394e-05,0.00039498,0,0,-1.0547,0.0082704,,0.17986,0.17986,0.10835,0
0.48412,9.4308e-05,0.00037307,0,0,-1.0547,0.008269,,0.18008,0.18008,0.10835,0
0.48453,0.00010122,0.00035115,0,0,-1.0547,0.0082675,,0.18029,0.18029,0.10835,0
0.48493,0.00010814,0.00032924,0,0,-1.0547,0.0082661,,0.18051,0.18051,0.10835,0
0.48535,0.00011458,0.00029866,0,0,-1.0547,0.0082646,,0.18073,0.18073,0.10835,0
0.48578,0.00012078,0.00026374,0,0,-1.0547,0.008263,,0.18094,0.18094,0.10835,0
0.48621,0.00012698,0.00022883,0,0,-1.0547,0.0082615,,0.18116,0.18116,0.10835,0
0.48664,0.00013319,0.00019391,0,0,-1.0547,0.0082599,,0.18138,0.18138,0.10835,0
0.48708,0.00013939,0.000159,0,0,-1.0547,0.0082584,,0.18159,0.18159,0.10835,0
0.48751,0.0001456,0.00012408,0,0,-1.0547,0.0082568,,0.18181,0.18181,0.10835,0
0.48794,0.0001518,8.9163e-05,0,0,-1.0547,0.0082553,,0.18203,0.18203,0.10835,0
0.48837,0.000158,5.4245e-05,0,0,-1.0547,0.0082537,,0.18224,0.18224,0.10835,0
0.48881,0.00016384,1.3996e-05,0,0,-1.0547,0.0082522,,0.18246,0.18246,0.10835,0
0.48925,0.00016895,-3.6926e-05,0,0,-1.0547,0.0082506,,0.18268,0.18268,0.10835,0
0.48969,0.00017406,-8.7845e-05,0,0,-1.0547,0.008249,,0.18289,0.18289,0.10835,0
0.49013,0.00017917,-0.00013877,0,0,-1.0547,0.0082474,,0.18311,0.18311,0.10835,0
0.49057,0.00018428,-0.00018969,0,0,-1.0547,0.0082459,,0.18333,0.18333,0.10835,0
0.49101,0.00018939,-0.00024061,0,0,-1.0547,0.0082443,,0.18354,0.18354,0.10835,0
0.49145,0.0001945,-0.00029153,0,0,-1.0547,0.0082427,,0.18376,0.18376,0.10835,0
0.49189,0.00019961,-0.00034245,0,0,-1.0547,0.0082411,,0.18398,0.18398,0.10835,0
0.49233,0.00020472,-0.00039337,0,0,-1.0547,0.0082396,,0.18419,0.18419,0.10835,0
0.49275,0.00020834,-0.00046352,0,0,-1.0547,0.0082381,,0.18441,0.18441,0.10835,0
0.49316,0.00021196,-0.00053367,0,0,-1.0547,0.0082366,,0.18463,0.18463,0.10835,0
0.49358,0.00021558,-0.00060383,0,0,-1.0547,0.0082351,,0.18485,0.18485,0.10835,0
0.494,0.00021919,-0.00067398,0,0,-1.0547,0.0082336,,0.18506,0.18506,0.10835,0
0.49442,0.00022281,-0.00074413,0,0,-1.0547,0.0082321,,0.18528,0.18528,0.10835,0
0.49484,0.00022643,-0.00081428,0,0,-1.0547,0.0082306,,0.1855,0.1855,0.10835,0
0.49525,0.00023005,-0.00088444,0,0,-1.0547,0.0082291,,0.18571,0.18571,0.10835,0
0.49567,0.00023367,-0.00095459,0,0,-1.0547,0.0082276,,0.18593,0.18593,0.10835,0
0.49605,0.00023604,-0.0010398,0,0,-1.0547,0.0082262,,0.18615,0.18615,0.10835,0
0.49641,0.00023779,-0.0011326,0,0,-1.0547,0.0082249,,0.18636,0.18636,0.10835,0
0.49676,0.00023953,-0.0012253,0,0,-1.0547,0.0082236,,0.18658,0.18658,0.10835,0
0.49712,0.00024128,-0.001318,0,0,-1.0547,0.0082224,,0.1868,0.1868,0.10835,0
0.49748,0.00024302,-0.0014108,0,0,-1.0547,0.0082211,,0.18701,0.18701,0.10835,0
0.49784,0.00024477,-0.0015035,0,0,-1.0547,0.0082198,,0.18723,0.18723,0.10835,0
0.49819,0.00024651,-0.0015963,0,0,-1.0547,0.0082185,,0.18745,0.18745,0.10835,0
0.49855,0.00024826,-0.001689,0,0,-1.0547,0.0082173,,0.18766,0.18766,0.10835,0
0.49887,0.00024926,-0.0017904,0,0,-1.0547,0.0082161,,0.18788,0.18788,0.10835,0
0.49911,0.00024878,-0.0019091,0,0,-1.0547,0.0082152,,0.1881,0.1881,0.10835,0
0.49936,0.0002483,-0.0020277,0,0,-1.0547,0.0082144,,0.18831,0.18831,0.10835,0
0.4996,0.00024782,-0.0021464,0,0,-1.0547,0.0082135,,0.18853,0.18853,0.10835,0
0.49985,0.00024734,-0.0022651,0,0,-1.0547,0.0082126,,0.18875,0.18875,0.10835,0
0.50009,0.00024686,-0.0023837,0,0,-1.0547,0.0082117,,0.18896,0.18896,0.10835,0
0.50033,0.00024638,-0.0025024,0,0,-1.0547,0.0082109,,0.18918,0.18918,0.10835,0
0.50058,0.0002459,-0.002621,0,0,-1.0547,0.00821,,0.1894,0.1894,0.10835,0
0.50082,0.00024541,-0.0027397,0,0,-1.0547,0.0082091,,0.18961,0.18961,0.10835,0
0.50089,0.00024243,-0.0028873,0,0,-1.0547,0.0082089,,0.18983,0.18983,0.10835,0
0.50095,0.00023944,-0.0030348,0,0,-1.0547,0.0082087,,0.19005,0.19005,0.10835,0
0.50102,0.00023645,-0.0031824,0,0,-1.0547,0.0082084,,0.19026,0.19026,0.10835,0
0.50108,0.00023346,-0.00333,0,0,-1.0547,0.0082082,,0.19048,0.19048,0.10835,0
0.50115,0.00023047,-0.0034776,0,0,-1.0547,0.008208,,0.1907,0.1907,0.10835,0
0.50122,0.00022748,-0.0036252,0,0,-1.0547,0.0082078,,0.19091,0.19091,0.10835,0
0.50128,0.00022449,-0.0037727,0,0,-1.0547,0.0082075,,0.19113,0.19113,0.10835,0
0.50135,0.0002215,-0.0039203,0,0,-1.0547,0.0082073,,0.19135,0.19135,0.10835,0
0.50124,0.00021672,-0.0040887,0,0,-1.0547,0.0082077,,0.19156,0.19156,0.10835,0
0.50105,0.00021104,-0.0042676,0,0,-1.0547,0.0082084,,0.19178,0.19178,0.10835,0
0.50085,0.00020537,-0.0044464,0,0,-1.0547,0.0082091,,0.192,0.192,0.10835,0
0.50066,0.00019969,-0.0046252,0,0,-1.0547,0.0082098,,0.19221,0.19221,0.10835,0
0.50046,0.00019401,-0.004804,0,0,-1.0547,0.0082105,,0.19243,0.19243,0.10835,0
0.50027,0.00018834,-0.0049829,0,0,-1.0547,0.0082113,,0.19265,0.19265,0.10835,0
0.50007,0.00018266,-0.0051617,0,0,-1.0547,0.008212,,0.19286,0.19286,0.10835,0
0.49988,0.00017699,-0.0053405,0,0,-1.0547,0.0082127,,0.19308,0.19308,0.10835,0
0.49957,0.0001704,-0.0055301,0,0,-1.0547,0.0082138,,0.1933,0.1933,0.10835,0
0.49901,0.00016199,-0.0057413,0,0,-1.0547,0.0082158,,0.19351,0.19351,0.10835,0
0.49846,0.00015358,-0.0059525,0,0,-1.0547,0.0082178,,0.19373,0.19373,0.10835,0
0.49791,0.00014517,-0.0061636,0,0,-1.0547,0.0082198,,0.19395,0.19395,0.10835,0
0.49736,0.00013677,-0.0063748,0,0,-1.0547,0.0082218,,0.19416,0.19416,0.10835,0
0.49681,0.00012836,-0.0065859,0,0,-1.0547,0.0082238,,0.19438,0.19438,0.10835,0
0.49626,0.00011995,-0.0067971,0,0,-1.0547,0.0082258,,0.1946,0.1946,0.10835,0
0.49571,0.00011154,-0.0070083,0,0,-1.0547,0.0082278,,0.19481,0.19481,0.10835,0
0.49516,0.00010313,-0.0072194,0,0,-1.0547,0.0082298,,0.19503,0.19503,0.10835,0
0.49414,9.2196e-05,-0.0074618,0,0,-1.0547,0.0082335,,0.19525,0.19525,0.10835,0
0.49312,8.126e-05,-0.0077043,0,0,-1.0547,0.0082372,,0.19546,0.19546,0.10835,0
0.4921,7.0325e-05,-0.0079467,0,0,-1.0547,0.0082408,,0.19568,0.19568,0.10835,0
0.49108,5.9389e-05,-0.0081891,0,0,-1.0547,0.0082445,,0.1959,0.1959,0.10835,0
0.49006,4.8454e-05,-0.0084315,0,0,-1.0547,0.0082482,,0.19611,0.19611,0.10835,0
0.48904,3.7518e-05,-0.008674,0,0,-1.0547,0.0082519,,0.19633,0.19633,0.10835,0
0.48802,2.6584e-05,-0.0089164,0,0,-1.0547,0.0082556,,0.19655,0.19655,0.10835,0
0.487,1.5648e-05,-0.0091588,0,0,-1.0547,0.0082593,,0.19676,0.19676,0.10835,0
0.48559,3.556e-06,-0.0094189,0,0,-1.0547,0.0082644,,0.19698,0.19698,0.10835,0
0.48398,-9.1151e-06,-0.0096878,0,0,-1.0547,0.0082702,,0.1972,0.1972,0.10835,0
0.48238,-2.1785e-05,-0.0099566,0,0,-1.0547,0.008276,,0.19741,0.19741,0.10835,0
0.48077,-3.4456e-05,-0.010226,0,0,-1.0547,0.0082818,,0.19763,0.19763,0.10835,0
0.47917,-4.7127e-05,-0.010494,0,0,-1.0547,0.0082876,,0.19785,0.19785,0.10835,0
0.47756,-5.9798e-05,-0.010763,0,0,-1.0547,0.0082934,,0.19806,0.19806,0.10835,0
0.47596,-7.2468e-05,-0.011032,0,0,-1.0547,0.0082992,,0.19828,0.19828,0.10835,0
0.47435,-8.5139e-05,-0.011301,0,0,-1.0547,0.008305,,0.1985,0.1985,0.10835,0
0.47252,-9.7922e-05,-0.011575,0,0,-1.0547,0.0083116,,0.19871,0.19871,0.10835,0
0.47021,-0.00011093,-0.011861,0,0,-1.0547,0.00832,,0.19893,0.19893,0.10835,0
0.46791,-0.00012394,-0.012146,0,0,-1.0547,0.0083283,,0.19915,0.19915,0.10835,0
0.46561,-0.00013695,-0.012431,0,0,-1.0547,0.0083366,,0.19936,0.19936,0.10835,0
0.46331,-0.00014996,-0.012717,0,0,-1.0547,0.0083449,,0.19958,0.19958,0.10835,0
0.461,-0.00016297,-0.013002,0,0,-1.0547,0.0083532,,0.1998,0.1998,0.10835,0
0.4587,-0.00017598,-0.013287,0,0,-1.0547,0.0083616,,0.20001,0.20001,0.10835,0
0.4564,-0.00018899,-0.013573,0,0,-1.0547,0.0083699,,0.20023,0.20023,0.10835,0
0.45409,-0.000202,-0.013858,0,0,-1.0547,0.0083782,,0.20045,0.20045,0.10835,0
0.451,-0.00021375,-0.014143,0,0,-1.0547,0.0083894,,0.20066,0.20066,0.10835,0
0.4479,-0.0002255,-0.014429,0,0,-1.0547,0.0084005,,0.20088,0.20088,0.10835,0
0.4448,-0.00023726,-0.014715,0,0,-1.0547,0.0084117,,0.2011,0.2011,0.10835,0
0.44171,-0.00024901,-0.015,0,0,-1.0547,0.0084229,,0.20131,0.20131,0.10835,0
0.43861,-0.00026076,-0.015286,0,0,-1.0547,0.0084341,,0.20153,0.20153,0.10835,0
0.43551,-0.00027251,-0.015572,0,0,-1.0547,0.0084452,,0.20175,0.20175,0.10835,0
0.43241,-0.00028427,-0.015857,0,0,-1.0547,0.0084564,,0.20196,0.20196,0.10835,0
0.42932,-0.00029602,-0.016143,0,0,-1.0547,0.0084676,,0.20218,0.20218,0.10835,0
0.42565,-0.00030588,-0.016413,0,0,-1.0547,0.0084808,,0.2024,0.2024,0.10835,0
0.42169,-0.0003148,-0.016676,0,0,-1.0547,0.0084951,,0.20261,0.20261,0.10835,0
0.41773,-0.00032372,-0.016939,0,0,-1.0547,0.0085093,,0.20283,0.20283,0.10835,0
0.41377,-0.00033265,-0.017201,0,0,-1.0547,0.0085236,,0.20305,0.20305,0.10835,0
0.40981,-0.00034157,-0.017464,0,0,-1.0547,0.0085378,,0.20326,0.20326,0.10835,0
0.40585,-0.00035049,-0.017727,0,0,-1.0547,0.0085521,,0.20348,0.20348,0.10835,0
0.40189,-0.00035941,-0.01799,0,0,-1.0547,0.0085664,,0.2037,0.2037,0.10835,0
0.39793,-0.00036833,-0.018252,0,0,-1.0547,0.0085806,,0.20391,0.20391,0.10835,0
0.39367,-0.00037583,-0.018497,0,0,-1.0547,0.0085959,,0.20413,0.20413,0.10835,0
0.38883,-0.00038049,-0.018706,0,0,-1.0547,0.0086134,,0.20435,0.20435,0.10835,0
0.38398,-0.00038514,-0.018915,0,0,-1.0547,0.0086308,,0.20456,0.20456,0.10835,0
0.37913,-0.0003898,-0.019123,0,0,-1.0547,0.0086482,,0.20478,0.20478,0.10835,0
0.37429,-0.00039446,-0.019332,0,0,-1.0547,0.0086656,,0.205,0.205,0.10835,0
0.36944,-0.00039912,-0.019541,0,0,-1.0547,0.0086831,,0.20521,0.20521,0.10835,0
0.36459,-0.00040378,-0.019749,0,0,-1.0547,0.0087005,,0.20543,0.20543,0.10835,0
0.35974,-0.00040844,-0.019958,0,0,-1.0547,0.0087179,,0.20565,0.20565,0.10835,0
0.3549,-0.00041309,-0.020167,0,0,-1.0547,0.0087353,,0.20586,0.20586,0.10835,0
0.34919,-0.00041248,-0.020283,0,0,-1.0547,0.0087558,,0.20608,0.20608,0.10835,0
0.34348,-0.00041186,-0.020398,0,0,-1.0547,0.0087763,,0.2063,0.2063,0.10835,0
0.33778,-0.00041125,-0.020514,0,0,-1.0547,0.0087968,,0.20652,0.20652,0.10835,0
0.33207,-0.00041064,-0.02063,0,0,-1.0547,0.0088173,,0.20673,0.20673,0.10835,0
0.32636,-0.00041002,-0.020746,0,0,-1.0547,0.0088378,,0.20695,0.20695,0.10835,0
0.32066,-0.00040941,-0.020861,0,0,-1.0547,0.0088582,,0.20717,0.20717,0.10835,0
0.31495,-0.00040879,-0.020977,0,0,-1.0547,0.0088787,,0.20738,0.20738,0.10835,0
0.30924,-0.00040818,-0.021093,0,0,-1.0547,0.0088992,,0.2076,0.2076,0.10835,0
0.30302,-0.00040388,-0.021116,0,0,-1.0547,0.0089215,,0.20782,0.20782,0.10835,0
0.29654,-0.00039774,-0.021093,0,0,-1.0547,0.0089447,,0.20803,0.20803,0.10835,0
0.29007,-0.0003916,-0.021069,0,0,-1.0547,0.0089679,,0.20825,0.20825,0.10835,0
0.28359,-0.00038547,-0.021046,0,0,-1.0547,0.0089911,,0.20847,0.20847,0.10835,0
0.27711,-0.00037933,-0.021023,0,0,-1.0547,0.0090143,,0.20868,0.20868,0.10835,0
0.27063,-0.00037319,-0.021,0,0,-1.0547,0.0090375,,0.2089,0.2089,0.10835,0
0.26415,-0.00036705,-0.020976,0,0,-1.0547,0.0090608,,0.20912,0.20912,0.10835,0
0.25767,-0.00036091,-0.020953,0,0,-1.0547,0.009084,,0.20933,0.20933,0.10835,0
0.25098,-0.0003532,-0.020867,0,0,-1.0547,0.0091079,,0.20955,0.20955,0.10835,0
0.24387,-0.00034235,-0.020654,0,0,-1.0547,0.0091333,,0.20977,0.20977,0.10835,0
0.23677,-0.00033149,-0.02044,0,0,-1.0547,0.0091588,,0.20998,0.20998,0.10835,0
0.22966,-0.00032064,-0.020227,0,0,-1.0547,0.0091842,,0.2102,0.2102,0.10835,0
0.22255,-0.00030979,-0.020014,0,0,-1.0547,0.0092096,,0.21042,0.21042,0.10835,0
0.21544,-0.00029893,-0.019801,0,0,-1.0547,0.009235,,0.21063,0.21063,0.10835,0
0.20833,-0.00028808,-0.019588,0,0,-1.0547,0.0092604,,0.21085,0.21085,0.10835,0
0.20122,-0.00027723,-0.019375,0,0,-1.0547,0.0092859,,0.21107,0.21107,0.10835,0
0.19411,-0.00026637,-0.019162,0,0,-1.0547,0.0093113,,0.21128,0.21128,0.10835,0
0.18655,-0.00025297,-0.018706,0,0,-1.0547,0.0093383,,0.2115,0.2115,0.10835,0
0.17899,-0.00023957,-0.01825,0,0,-1.0547,0.0093652,,0.21172,0.21172,0.10835,0
0.17143,-0.00022616,-0.017794,0,0,-1.0547,0.0093922,,0.21193,0.21193,0.10835,0
0.16387,-0.00021276,-0.017338,0,0,-1.0547,0.0094192,,0.21215,0.21215,0.10835,0
0.15631,-0.00019936,-0.016882,0,0,-1.0547,0.0094462,,0.21237,0.21237,0.10835,0
0.14875,-0.00018596,-0.016426,0,0,-1.0547,0.0094732,,0.21258,0.21258,0.10835,0
0.14119,-0.00017255,-0.01597,0,0,-1.0547,0.0095001,,0.2128,0.2128,0.10835,0
0.13363,-0.00015915,-0.015514,0,0,-1.0547,0.0095271,,0.21302,0.21302,0.10835,0
0.1259,-0.00014657,-0.014862,0,0,-1.0547,0.0095547,,0.21323,0.21323,0.10835,0
0.11808,-0.0001344,-0.014112,0,0,-1.0547,0.0095825,,0.21345,0.21345,0.10835,0
0.11026,-0.00012223,-0.013361,0,0,-1.0547,0.0096104,,0.21367,0.21367,0.10835,0
0.10244,-0.00011005,-0.012611,0,0,-1.0547,0.0096382,,0.21388,0.21388,0.10835,0
0.094626,-9.7881e-05,-0.01186,0,0,-1.0547,0.0096661,,0.2141,0.2141,0.10835,0
0.086807,-8.5709e-05,-0.01111,0,0,-1.0547,0.0096939,,0.21432,0.21432,0.10835,0
0.078989,-7.3537e-05,-0.01036,0,0,-1.0547,0.0097218,,0.21453,0.21453,0.10835,0
0.07117,-6.1365e-05,-0.0096093,0,0,-1.0547,0.0097496,,0.21475,0.21475,0.10835,0
0.063319,-5.1121e-05,-0.0087447,0,0,-1.0547,0.0097776,,0.21497,0.21497,0.10835,0
0.055404,-4.473e-05,-0.0076516,0,0,-1.0547,0.0098058,,0.21518,0.21518,0.10835,0
0.047489,-3.834e-05,-0.0065585,0,0,-1.0547,0.009834,,0.2154,0.2154,0.10835,0
0.039574,-3.195e-05,-0.0054654,0,0,-1.0547,0.0098622,,0.21562,0.21562,0.10835,0
0.03166,-2.556e-05,-0.0043723,0,0,-1.0547,0.0098904,,0.21583,0.21583,0.10835,0
0.023744,-1.917e-05,-0.0032792,0,0,-1.0547,0.0099186,,0.21605,0.21605,0.10835,0
0.01583,-1.278e-05,-0.0021862,0,0,-1.0547,0.0099468,,0.21627,0.21627,0.10835,0
0.0079146,-6.3898e-06,-0.001093,0,0,-1.0547,0.0099749,,0.21648,0.21648,0.10835,0
0,0,0,0,0,-1.0547,0.010003,,0.2167,0.2167,0.10835,0
