"U:0","U:1","U:2","p","vtkValidPointMask","arc_length","Points:0","Points:1","Points:2"
0,0,0,0.03519,,0,0.05,0,0
-0.00063774,9.648e-07,0,0.035191,,0.0001,0.05,0.0001,0
-0.0012755,1.9296e-06,0,0.035191,,0.0002,0.05,0.0002,0
-0.0019132,2.8944e-06,0,0.035191,,0.0003,0.05,0.0003,0
-0.002551,3.8592e-06,0,0.035192,,0.0004,0.05,0.0004,0
-0.0031887,4.824e-06,0,0.035192,,0.0005,0.05,0.0005,0
-0.0038264,5.7888e-06,0,0.035192,,0.0006,0.05,0.0006,0
-0.0044642,6.7536e-06,0,0.035193,,0.0007,0.05,0.0007,0
-0.0051019,7.7184e-06,0,0.035193,,0.0008,0.05,0.0008,0
-0.0057396,8.6832e-06,0,0.035193,,0.0009,0.05,0.0009,0
-0.0063774,9.648e-06,0,0.035194,,0.001,0.05,0.001,0
-0.0070151,1.0613e-05,0,0.035194,,0.0011,0.05,0.0011,0
-0.0076529,1.1578e-05,0,0.035194,,0.0012,0.05,0.0012,0
-0.0082906,1.2542e-05,0,0.035195,,0.0013,0.05,0.0013,0
-0.0089283,1.3507e-05,0,0.035195,,0.0014,0.05,0.0014,0
-0.0095661,1.4472e-05,0,0.035195,,0.0015,0.05,0.0015,0
-0.010204,1.5437e-05,0,0.035196,,0.0016,0.05,0.0016,0
-0.010842,1.6402e-05,0,0.035196,,0.0017,0.05,0.0017,0
-0.011479,1.7366e-05,0,0.035196,,0.0018,0.05,0.0018,0
-0.012117,1.8331e-05,0,0.035197,,0.0019,0.05,0.0019,0
-0.012755,1.9296e-05,0,0.035197,,0.002,0.05,0.002,0
-0.013392,2.0261e-05,0,0.035197,,0.0021,0.05,0.0021,0
-0.01403,2.1225e-05,0,0.035198,,0.0022,0.05,0.0022,0
-0.014668,2.219e-05,0,0.035198,,0.0023,0.05,0.0023,0
-0.015306,2.3155e-05,0,0.035198,,0.0024,0.05,0.0024,0
-0.015943,2.412e-05,0,0.035199,,0.0025,0.05,0.0025,0
-0.016581,2.5085e-05,0,0.035199,,0.0026,0.05,0.0026,0
-0.017219,2.6049e-05,0,0.035199,,0.0027,0.05,0.0027,0
-0.017857,2.7014e-05,0,0.0352,,0.0028,0.05,0.0028,0
-0.018494,2.7979e-05,0,0.0352,,0.0029,0.05,0.0029,0
-0.019132,2.8944e-05,0,0.0352,,0.003,0.05,0.003,0
-0.01977,2.9909e-05,0,0.035201,,0.0031,0.05,0.0031,0
-0.020408,3.0873e-05,0,0.035201,,0.0032,0.05,0.0032,0
-0.021045,3.1838e-05,0,0.035201,,0.0033,0.05,0.0033,0
-0.021683,3.2803e-05,0,0.035202,,0.0034,0.05,0.0034,0
-0.022321,3.3768e-05,0,0.035202,,0.0035,0.05,0.0035,0
-0.022959,3.4733e-05,0,0.035202,,0.0036,0.05,0.0036,0
-0.023596,3.5697e-05,0,0.035203,,0.0037,0.05,0.0037,0
-0.024234,3.6662e-05,0,0.035203,,0.0038,0.05,0.0038,0
-0.024872,3.7627e-05,0,0.035203,,0.0039,0.05,0.0039,0
-0.02551,3.8592e-05,0,0.035204,,0.004,0.05,0.004,0
-0.026147,3.9557e-05,0,0.035204,,0.0041,0.05,0.0041,0
-0.026785,4.0521e-05,0,0.035204,,0.0042,0.05,0.0042,0
-0.027423,4.1486e-05,0,0.035205,,0.0043,0.05,0.0043,0
-0.02806,4.2451e-05,0,0.035205,,0.0044,0.05,0.0044,0
-0.028698,4.3416e-05,0,0.035206,,0.0045,0.05,0.0045,0
-0.029336,4.4381e-05,0,0.035206,,0.0046,0.05,0.0046,0
-0.029974,4.5345e-05,0,0.035206,,0.0047,0.05,0.0047,0
-0.030611,4.631e-05,0,0.035207,,0.0048,0.05,0.0048,0
-0.031249,4.7275e-05,0,0.035207,,0.0049,0.05,0.0049,0
-0.031887,4.824e-05,0,0.035207,,0.005,0.05,0.005,0
-0.032414,4.9704e-05,0,0.035206,,0.0051,0.05,0.0051,0
-0.03294,5.1169e-05,0,0.035204,,0.0052,0.05,0.0052,0
-0.033467,5.2634e-05,0,0.035203,,0.0053,0.05,0.0053,0
-0.033994,5.4098e-05,0,0.035202,,0.0054,0.05,0.0054,0
-0.03452,5.5563e-05,0,0.0352,,0.0055,0.05,0.0055,0
-0.035047,5.7028e-05,0,0.035199,,0.0056,0.05,0.0056,0
-0.035574,5.8492e-05,0,0.035197,,0.0057,0.05,0.0057,0
-0.0361,5.9957e-05,0,0.035196,,0.0058,0.05,0.0058,0
-0.036627,6.1422e-05,0,0.035195,,0.0059,0.05,0.0059,0
-0.037154,6.2886e-05,0,0.035193,,0.006,0.05,0.006,0
-0.03768,6.4351e-05,0,0.035192,,0.0061,0.05,0.0061,0
-0.038207,6.5816e-05,0,0.03519,,0.0062,0.05,0.0062,0
-0.038734,6.728e-05,0,0.035189,,0.0063,0.05,0.0063,0
-0.03926,6.8745e-05,0,0.035188,,0.0064,0.05,0.0064,0
-0.039787,7.021e-05,0,0.035186,,0.0065,0.05,0.0065,0
-0.040314,7.1674e-05,0,0.035185,,0.0066,0.05,0.0066,0
-0.04084,7.3139e-05,0,0.035184,,0.0067,0.05,0.0067,0
-0.041367,7.4604e-05,0,0.035182,,0.0068,0.05,0.0068,0
-0.041894,7.6068e-05,0,0.035181,,0.0069,0.05,0.0069,0
-0.04242,7.7533e-05,0,0.035179,,0.007,0.05,0.007,0
-0.042947,7.8998e-05,0,0.035178,,0.0071,0.05,0.0071,0
-0.043474,8.0462e-05,0,0.035177,,0.0072,0.05,0.0072,0
-0.044,8.1927e-05,0,0.035175,,0.0073,0.05,0.0073,0
-0.044527,8.3392e-05,0,0.035174,,0.0074,0.05,0.0074,0
-0.045054,8.4856e-05,0,0.035172,,0.0075,0.05,0.0075,0
-0.04558,8.6321e-05,0,0.035171,,0.0076,0.05,0.0076,0
-0.046107,8.7786e-05,0,0.03517,,0.0077,0.05,0.0077,0
-0.046634,8.925e-05,0,0.035168,,0.0078,0.05,0.0078,0
-0.04716,9.0715e-05,0,0.035167,,0.0079,0.05,0.0079,0
-0.047687,9.218e-05,0,0.035165,,0.008,0.05,0.008,0
-0.048214,9.3644e-05,0,0.035164,,0.0081,0.05,0.0081,0
-0.04874,9.5109e-05,0,0.035163,,0.0082,0.05,0.0082,0
-0.049267,9.6574e-05,0,0.035161,,0.0083,0.05,0.0083,0
-0.049794,9.8038e-05,0,0.03516,,0.0084,0.05,0.0084,0
-0.05032,9.9503e-05,0,0.035158,,0.0085,0.05,0.0085,0
-0.050847,0.00010097,0,0.035157,,0.0086,0.05,0.0086,0
-0.051374,0.00010243,0,0.035156,,0.0087,0.05,0.0087,0
-0.0519,0.0001039,0,0.035154,,0.0088,0.05,0.0088,0
-0.052427,0.00010536,0,0.035153,,0.0089,0.05,0.0089,0
-0.052953,0.00010683,0,0.035151,,0.009,0.05,0.009,0
-0.05348,0.00010829,0,0.03515,,0.0091,0.05,0.0091,0
-0.054007,0.00010976,0,0.035149,,0.0092,0.05,0.0092,0
-0.054533,0.00011122,0,0.035147,,0.0093,0.05,0.0093,0
-0.05506,0.00011269,0,0.035146,,0.0094,0.05,0.0094,0
-0.055587,0.00011415,0,0.035144,,0.0095,0.05,0.0095,0
-0.056113,0.00011561,0,0.035143,,0.0096,0.05,0.0096,0
-0.05664,0.00011708,0,0.035142,,0.0097,0.05,0.0097,0
-0.057167,0.00011854,0,0.03514,,0.0098,0.05,0.0098,0
-0.057693,0.00012001,0,0.035139,,0.0099,0.05,0.0099,0
-0.05822,0.00012147,0,0.035138,,0.01,0.05,0.01,0
-0.058681,0.00012369,0,0.035131,,0.0101,0.05,0.0101,0
-0.059143,0.00012591,0,0.035124,,0.0102,0.05,0.0102,0
-0.059604,0.00012812,0,0.035117,,0.0103,0.05,0.0103,0
-0.060065,0.00013034,0,0.03511,,0.0104,0.05,0.0104,0
-0.060526,0.00013255,0,0.035103,,0.0105,0.05,0.0105,0
-0.060988,0.00013477,0,0.035096,,0.0106,0.05,0.0106,0
-0.061449,0.00013699,0,0.035089,,0.0107,0.05,0.0107,0
-0.06191,0.0001392,0,0.035083,,0.0108,0.05,0.0108,0
-0.062372,0.00014142,0,0.035076,,0.0109,0.05,0.0109,0
-0.062833,0.00014363,0,0.035069,,0.011,0.05,0.011,0
-0.063294,0.00014585,0,0.035062,,0.0111,0.05,0.0111,0
-0.063755,0.00014807,0,0.035055,,0.0112,0.05,0.0112,0
-0.064217,0.00015028,0,0.035048,,0.0113,0.05,0.0113,0
-0.064678,0.0001525,0,0.035041,,0.0114,0.05,0.0114,0
-0.065139,0.00015471,0,0.035034,,0.0115,0.05,0.0115,0
-0.0656,0.00015693,0,0.035028,,0.0116,0.05,0.0116,0
-0.066062,0.00015915,0,0.035021,,0.0117,0.05,0.0117,0
-0.066523,0.00016136,0,0.035014,,0.0118,0.05,0.0118,0
-0.066984,0.00016358,0,0.035007,,0.0119,0.05,0.0119,0
-0.067446,0.00016579,0,0.035,,0.012,0.05,0.012,0
-0.067907,0.00016801,0,0.034993,,0.0121,0.05,0.0121,0
-0.068368,0.00017023,0,0.034986,,0.0122,0.05,0.0122,0
-0.068829,0.00017244,0,0.034979,,0.0123,0.05,0.0123,0
-0.069291,0.00017466,0,0.034973,,0.0124,0.05,0.0124,0
-0.069752,0.00017687,0,0.034966,,0.0125,0.05,0.0125,0
-0.070213,0.00017909,0,0.034959,,0.0126,0.05,0.0126,0
-0.070674,0.00018131,0,0.034952,,0.0127,0.05,0.0127,0
-0.071136,0.00018352,0,0.034945,,0.0128,0.05,0.0128,0
-0.071597,0.00018574,0,0.034938,,0.0129,0.05,0.0129,0
-0.072058,0.00018795,0,0.034931,,0.013,0.05,0.013,0
-0.072519,0.00019017,0,0.034924,,0.0131,0.05,0.0131,0
-0.072981,0.00019239,0,0.034918,,0.0132,0.05,0.0132,0
-0.073442,0.0001946,0,0.034911,,0.0133,0.05,0.0133,0
-0.073903,0.00019682,0,0.034904,,0.0134,0.05,0.0134,0
-0.074365,0.00019903,0,0.034897,,0.0135,0.05,0.0135,0
-0.074826,0.00020125,0,0.03489,,0.0136,0.05,0.0136,0
-0.075287,0.00020347,0,0.034883,,0.0137,0.05,0.0137,0
-0.075748,0.00020568,0,0.034876,,0.0138,0.05,0.0138,0
-0.07621,0.0002079,0,0.034869,,0.0139,0.05,0.0139,0
-0.076671,0.00021011,0,0.034863,,0.014,0.05,0.014,0
-0.077132,0.00021233,0,0.034856,,0.0141,0.05,0.0141,0
-0.077593,0.00021455,0,0.034849,,0.0142,0.05,0.0142,0
-0.078055,0.00021676,0,0.034842,,0.0143,0.05,0.0143,0
-0.078516,0.00021898,0,0.034835,,0.0144,0.05,0.0144,0
-0.078977,0.00022119,0,0.034828,,0.0145,0.05,0.0145,0
-0.079439,0.00022341,0,0.034821,,0.0146,0.05,0.0146,0
-0.0799,0.00022563,0,0.034815,,0.0147,0.05,0.0147,0
-0.080361,0.00022784,0,0.034808,,0.0148,0.05,0.0148,0
-0.080822,0.00023006,0,0.034801,,0.0149,0.05,0.0149,0
-0.081284,0.00023228,0,0.034794,,0.015,0.05,0.015,0
-0.081708,0.00023578,0,0.034778,,0.0151,0.05,0.0151,0
-0.082132,0.00023928,0,0.034763,,0.0152,0.05,0.0152,0
-0.082556,0.00024279,0,0.034748,,0.0153,0.05,0.0153,0
-0.08298,0.00024629,0,0.034732,,0.0154,0.05,0.0154,0
-0.083404,0.00024979,0,0.034717,,0.0155,0.05,0.0155,0
-0.083828,0.0002533,0,0.034701,,0.0156,0.05,0.0156,0
-0.084252,0.0002568,0,0.034686,,0.0157,0.05,0.0157,0
-0.084676,0.00026031,0,0.034671,,0.0158,0.05,0.0158,0
-0.0851,0.00026381,0,0.034655,,0.0159,0.05,0.0159,0
-0.085524,0.00026731,0,0.03464,,0.016,0.05,0.016,0
-0.085948,0.00027082,0,0.034624,,0.0161,0.05,0.0161,0
-0.086372,0.00027432,0,0.034609,,0.0162,0.05,0.0162,0
-0.086796,0.00027782,0,0.034594,,0.0163,0.05,0.0163,0
-0.08722,0.00028133,0,0.034578,,0.0164,0.05,0.0164,0
-0.087644,0.00028483,0,0.034563,,0.0165,0.05,0.0165,0
-0.088068,0.00028833,0,0.034547,,0.0166,0.05,0.0166,0
-0.088492,0.00029184,0,0.034532,,0.0167,0.05,0.0167,0
-0.088916,0.00029534,0,0.034517,,0.0168,0.05,0.0168,0
-0.08934,0.00029885,0,0.034501,,0.0169,0.05,0.0169,0
-0.089764,0.00030235,0,0.034486,,0.017,0.05,0.017,0
-0.090188,0.00030585,0,0.03447,,0.0171,0.05,0.0171,0
-0.090612,0.00030936,0,0.034455,,0.0172,0.05,0.0172,0
-0.091036,0.00031286,0,0.03444,,0.0173,0.05,0.0173,0
-0.09146,0.00031637,0,0.034424,,0.0174,0.05,0.0174,0
-0.091884,0.00031987,0,0.034409,,0.0175,0.05,0.0175,0
-0.092308,0.00032337,0,0.034393,,0.0176,0.05,0.0176,0
-0.092733,0.00032688,0,0.034378,,0.0177,0.05,0.0177,0
-0.093157,0.00033038,0,0.034363,,0.0178,0.05,0.0178,0
-0.093581,0.00033388,0,0.034347,,0.0179,0.05,0.0179,0
-0.094005,0.00033739,0,0.034332,,0.018,0.05,0.018,0
-0.094429,0.00034089,0,0.034316,,0.0181,0.05,0.0181,0
-0.094853,0.0003444,0,0.034301,,0.0182,0.05,0.0182,0
-0.095277,0.0003479,0,0.034286,,0.0183,0.05,0.0183,0
-0.095701,0.0003514,0,0.03427,,0.0184,0.05,0.0184,0
-0.096125,0.00035491,0,0.034255,,0.0185,0.05,0.0185,0
-0.096549,0.00035841,0,0.034239,,0.0186,0.05,0.0186,0
-0.096973,0.00036191,0,0.034224,,0.0187,0.05,0.0187,0
-0.097397,0.00036542,0,0.034209,,0.0188,0.05,0.0188,0
-0.097821,0.00036892,0,0.034193,,0.0189,0.05,0.0189,0
-0.098245,0.00037242,0,0.034178,,0.019,0.05,0.019,0
-0.098669,0.00037593,0,0.034162,,0.0191,0.05,0.0191,0
-0.099093,0.00037943,0,0.034147,,0.0192,0.05,0.0192,0
-0.099517,0.00038294,0,0.034132,,0.0193,0.05,0.0193,0
-0.099941,0.00038644,0,0.034116,,0.0194,0.05,0.0194,0
-0.10037,0.00038994,0,0.034101,,0.0195,0.05,0.0195,0
-0.10079,0.00039345,0,0.034085,,0.0196,0.05,0.0196,0
-0.10121,0.00039695,0,0.03407,,0.0197,0.05,0.0197,0
-0.10164,0.00040045,0,0.034055,,0.0198,0.05,0.0198,0
-0.10206,0.00040396,0,0.034039,,0.0199,0.05,0.0199,0
-0.10249,0.00040746,0,0.034024,,0.02,0.05,0.02,0
-0.10289,0.00041336,0,0.033996,,0.0201,0.05,0.0201,0
-0.10329,0.00041925,0,0.033968,,0.0202,0.05,0.0202,0
-0.10369,0.00042515,0,0.03394,,0.0203,0.05,0.0203,0
-0.1041,0.00043105,0,0.033912,,0.0204,0.05,0.0204,0
-0.1045,0.00043694,0,0.033884,,0.0205,0.05,0.0205,0
-0.1049,0.00044284,0,0.033856,,0.0206,0.05,0.0206,0
-0.10531,0.00044873,0,0.033828,,0.0207,0.05,0.0207,0
-0.10571,0.00045463,0,0.0338,,0.0208,0.05,0.0208,0
-0.10611,0.00046052,0,0.033772,,0.0209,0.05,0.0209,0
-0.10651,0.00046642,0,0.033744,,0.021,0.05,0.021,0
-0.10692,0.00047232,0,0.033716,,0.0211,0.05,0.0211,0
-0.10732,0.00047821,0,0.033688,,0.0212,0.05,0.0212,0
-0.10772,0.00048411,0,0.03366,,0.0213,0.05,0.0213,0
-0.10812,0.00049,0,0.033632,,0.0214,0.05,0.0214,0
-0.10853,0.0004959,0,0.033604,,0.0215,0.05,0.0215,0
-0.10893,0.0005018,0,0.033576,,0.0216,0.05,0.0216,0
-0.10933,0.00050769,0,0.033548,,0.0217,0.05,0.0217,0
-0.10974,0.00051359,0,0.03352,,0.0218,0.05,0.0218,0
-0.11014,0.00051948,0,0.033492,,0.0219,0.05,0.0219,0
-0.11054,0.00052538,0,0.033464,,0.022,0.05,0.022,0
-0.11094,0.00053127,0,0.033436,,0.0221,0.05,0.0221,0
-0.11135,0.00053717,0,0.033408,,0.0222,0.05,0.0222,0
-0.11175,0.00054307,0,0.03338,,0.0223,0.05,0.0223,0
-0.11215,0.00054896,0,0.033352,,0.0224,0.05,0.0224,0
-0.11256,0.00055486,0,0.033324,,0.0225,0.05,0.0225,0
-0.11296,0.00056075,0,0.033296,,0.0226,0.05,0.0226,0
-0.11336,0.00056665,0,0.033268,,0.0227,0.05,0.0227,0
-0.11376,0.00057254,0,0.03324,,0.0228,0.05,0.0228,0
-0.11417,0.00057844,0,0.033212,,0.0229,0.05,0.0229,0
-0.11457,0.00058434,0,0.033185,,0.023,0.05,0.023,0
-0.11497,0.00059023,0,0.033157,,0.0231,0.05,0.0231,0
-0.11538,0.00059613,0,0.033129,,0.0232,0.05,0.0232,0
-0.11578,0.00060202,0,0.033101,,0.0233,0.05,0.0233,0
-0.11618,0.00060792,0,0.033073,,0.0234,0.05,0.0234,0
-0.11658,0.00061382,0,0.033045,,0.0235,0.05,0.0235,0
-0.11699,0.00061971,0,0.033017,,0.0236,0.05,0.0236,0
-0.11739,0.00062561,0,0.032989,,0.0237,0.05,0.0237,0
-0.11779,0.0006315,0,0.032961,,0.0238,0.05,0.0238,0
-0.1182,0.0006374,0,0.032933,,0.0239,0.05,0.0239,0
-0.1186,0.00064329,0,0.032905,,0.024,0.05,0.024,0
-0.119,0.00064919,0,0.032877,,0.0241,0.05,0.0241,0
-0.1194,0.00065509,0,0.032849,,0.0242,0.05,0.0242,0
-0.11981,0.00066098,0,0.032821,,0.0243,0.05,0.0243,0
-0.12021,0.00066688,0,0.032793,,0.0244,0.05,0.0244,0
-0.12061,0.00067277,0,0.032765,,0.0245,0.05,0.0245,0
-0.12102,0.00067867,0,0.032737,,0.0246,0.05,0.0246,0
-0.12142,0.00068456,0,0.032709,,0.0247,0.05,0.0247,0
-0.12182,0.00069046,0,0.032681,,0.0248,0.05,0.0248,0
-0.12222,0.00069636,0,0.032653,,0.0249,0.05,0.0249,0
-0.12263,0.00070225,0,0.032625,,0.025,0.05,0.025,0
-0.12301,0.00071208,0,0.032579,,0.0251,0.05,0.0251,0
-0.1234,0.0007219,0,0.032534,,0.0252,0.05,0.0252,0
-0.12379,0.00073172,0,0.032488,,0.0253,0.05,0.0253,0
-0.12418,0.00074154,0,0.032442,,0.0254,0.05,0.0254,0
-0.12457,0.00075137,0,0.032396,,0.0255,0.05,0.0255,0
-0.12495,0.00076119,0,0.032351,,0.0256,0.05,0.0256,0
-0.12534,0.00077101,0,0.032305,,0.0257,0.05,0.0257,0
-0.12573,0.00078083,0,0.032259,,0.0258,0.05,0.0258,0
-0.12612,0.00079066,0,0.032213,,0.0259,0.05,0.0259,0
-0.12651,0.00080048,0,0.032168,,0.026,0.05,0.026,0
-0.12689,0.0008103,0,0.032122,,0.0261,0.05,0.0261,0
-0.12728,0.00082012,0,0.032076,,0.0262,0.05,0.0262,0
-0.12767,0.00082995,0,0.03203,,0.0263,0.05,0.0263,0
-0.12806,0.00083977,0,0.031985,,0.0264,0.05,0.0264,0
-0.12845,0.00084959,0,0.031939,,0.0265,0.05,0.0265,0
-0.12883,0.00085941,0,0.031893,,0.0266,0.05,0.0266,0
-0.12922,0.00086924,0,0.031847,,0.0267,0.05,0.0267,0
-0.12961,0.00087906,0,0.031802,,0.0268,0.05,0.0268,0
-0.13,0.00088888,0,0.031756,,0.0269,0.05,0.0269,0
-0.13039,0.00089871,0,0.03171,,0.027,0.05,0.027,0
-0.13077,0.00090853,0,0.031665,,0.0271,0.05,0.0271,0
-0.13116,0.00091835,0,0.031619,,0.0272,0.05,0.0272,0
-0.13155,0.00092817,0,0.031573,,0.0273,0.05,0.0273,0
-0.13194,0.000938,0,0.031527,,0.0274,0.05,0.0274,0
-0.13233,0.00094782,0,0.031482,,0.0275,0.05,0.0275,0
-0.13271,0.00095764,0,0.031436,,0.0276,0.05,0.0276,0
-0.1331,0.00096746,0,0.03139,,0.0277,0.05,0.0277,0
-0.13349,0.00097729,0,0.031344,,0.0278,0.05,0.0278,0
-0.13388,0.00098711,0,0.031299,,0.0279,0.05,0.0279,0
-0.13427,0.00099693,0,0.031253,,0.028,0.05,0.028,0
-0.13465,0.0010068,0,0.031207,,0.0281,0.05,0.0281,0
-0.13504,0.0010166,0,0.031161,,0.0282,0.05,0.0282,0
-0.13543,0.0010264,0,0.031116,,0.0283,0.05,0.0283,0
-0.13582,0.0010362,0,0.03107,,0.0284,0.05,0.0284,0
-0.13621,0.001046,0,0.031024,,0.0285,0.05,0.0285,0
-0.13659,0.0010559,0,0.030978,,0.0286,0.05,0.0286,0
-0.13698,0.0010657,0,0.030933,,0.0287,0.05,0.0287,0
-0.13737,0.0010755,0,0.030887,,0.0288,0.05,0.0288,0
-0.13776,0.0010853,0,0.030841,,0.0289,0.05,0.0289,0
-0.13815,0.0010952,0,0.030795,,0.029,0.05,0.029,0
-0.13853,0.001105,0,0.03075,,0.0291,0.05,0.0291,0
-0.13892,0.0011148,0,0.030704,,0.0292,0.05,0.0292,0
-0.13931,0.0011246,0,0.030658,,0.0293,0.05,0.0293,0
-0.1397,0.0011344,0,0.030612,,0.0294,0.05,0.0294,0
-0.14009,0.0011443,0,0.030567,,0.0295,0.05,0.0295,0
-0.14047,0.0011541,0,0.030521,,0.0296,0.05,0.0296,0
-0.14086,0.0011639,0,0.030475,,0.0297,0.05,0.0297,0
-0.14125,0.0011737,0,0.030429,,0.0298,0.05,0.0298,0
-0.14164,0.0011836,0,0.030384,,0.0299,0.05,0.0299,0
-0.14203,0.0011934,0,0.030338,,0.03,0.05,0.03,0
-0.1424,0.0012089,0,0.030268,,0.0301,0.05,0.0301,0
-0.14277,0.0012245,0,0.030198,,0.0302,0.05,0.0302,0
-0.14314,0.00124,0,0.030129,,0.0303,0.05,0.0303,0
-0.14351,0.0012556,0,0.030059,,0.0304,0.05,0.0304,0
-0.14388,0.0012711,0,0.029989,,0.0305,0.05,0.0305,0
-0.14424,0.0012867,0,0.029919,,0.0306,0.05,0.0306,0
-0.14461,0.0013022,0,0.02985,,0.0307,0.05,0.0307,0
-0.14498,0.0013178,0,0.02978,,0.0308,0.05,0.0308,0
-0.14535,0.0013333,0,0.02971,,0.0309,0.05,0.0309,0
-0.14572,0.0013489,0,0.02964,,0.031,0.05,0.031,0
-0.14609,0.0013644,0,0.02957,,0.0311,0.05,0.0311,0
-0.14646,0.00138,0,0.029501,,0.0312,0.05,0.0312,0
-0.14683,0.0013955,0,0.029431,,0.0313,0.05,0.0313,0
-0.1472,0.001411,0,0.029361,,0.0314,0.05,0.0314,0
-0.14757,0.0014266,0,0.029291,,0.0315,0.05,0.0315,0
-0.14794,0.0014421,0,0.029221,,0.0316,0.05,0.0316,0
-0.14831,0.0014577,0,0.029152,,0.0317,0.05,0.0317,0
-0.14868,0.0014732,0,0.029082,,0.0318,0.05,0.0318,0
-0.14905,0.0014888,0,0.029012,,0.0319,0.05,0.0319,0
-0.14942,0.0015043,0,0.028942,,0.032,0.05,0.032,0
-0.14979,0.0015199,0,0.028873,,0.0321,0.05,0.0321,0
-0.15016,0.0015354,0,0.028803,,0.0322,0.05,0.0322,0
-0.15053,0.001551,0,0.028733,,0.0323,0.05,0.0323,0
-0.1509,0.0015665,0,0.028663,,0.0324,0.05,0.0324,0
-0.15127,0.0015821,0,0.028593,,0.0325,0.05,0.0325,0
-0.15164,0.0015976,0,0.028524,,0.0326,0.05,0.0326,0
-0.15201,0.0016132,0,0.028454,,0.0327,0.05,0.0327,0
-0.15238,0.0016287,0,0.028384,,0.0328,0.05,0.0328,0
-0.15275,0.0016443,0,0.028314,,0.0329,0.05,0.0329,0
-0.15312,0.0016598,0,0.028245,,0.033,0.05,0.033,0
-0.15349,0.0016754,0,0.028175,,0.0331,0.05,0.0331,0
-0.15386,0.0016909,0,0.028105,,0.0332,0.05,0.0332,0
-0.15423,0.0017064,0,0.028035,,0.0333,0.05,0.0333,0
-0.1546,0.001722,0,0.027965,,0.0334,0.05,0.0334,0
-0.15497,0.0017375,0,0.027896,,0.0335,0.05,0.0335,0
-0.15534,0.0017531,0,0.027826,,0.0336,0.05,0.0336,0
-0.1557,0.0017686,0,0.027756,,0.0337,0.05,0.0337,0
-0.15607,0.0017842,0,0.027686,,0.0338,0.05,0.0338,0
-0.15644,0.0017997,0,0.027617,,0.0339,0.05,0.0339,0
-0.15681,0.0018153,0,0.027547,,0.034,0.05,0.034,0
-0.15718,0.0018308,0,0.027477,,0.0341,0.05,0.0341,0
-0.15755,0.0018464,0,0.027407,,0.0342,0.05,0.0342,0
-0.15792,0.0018619,0,0.027337,,0.0343,0.05,0.0343,0
-0.15829,0.0018775,0,0.027268,,0.0344,0.05,0.0344,0
-0.15866,0.001893,0,0.027198,,0.0345,0.05,0.0345,0
-0.15903,0.0019086,0,0.027128,,0.0346,0.05,0.0346,0
-0.1594,0.0019241,0,0.027058,,0.0347,0.05,0.0347,0
-0.15977,0.0019397,0,0.026988,,0.0348,0.05,0.0348,0
-0.16014,0.0019552,0,0.026919,,0.0349,0.05,0.0349,0
-0.16051,0.0019707,0,0.026849,,0.035,0.05,0.035,0
-0.16085,0.0019938,0,0.026748,,0.0351,0.05,0.0351,0
-0.16118,0.0020169,0,0.026647,,0.0352,0.05,0.0352,0
-0.16152,0.00204,0,0.026547,,0.0353,0.05,0.0353,0
-0.16186,0.002063,0,0.026446,,0.0354,0.05,0.0354,0
-0.16219,0.0020861,0,0.026345,,0.0355,0.05,0.0355,0
-0.16253,0.0021092,0,0.026244,,0.0356,0.05,0.0356,0
-0.16287,0.0021322,0,0.026143,,0.0357,0.05,0.0357,0
-0.16321,0.0021553,0,0.026042,,0.0358,0.05,0.0358,0
-0.16354,0.0021784,0,0.025942,,0.0359,0.05,0.0359,0
-0.16388,0.0022014,0,0.025841,,0.036,0.05,0.036,0
-0.16422,0.0022245,0,0.02574,,0.0361,0.05,0.0361,0
-0.16455,0.0022476,0,0.025639,,0.0362,0.05,0.0362,0
-0.16489,0.0022707,0,0.025538,,0.0363,0.05,0.0363,0
-0.16523,0.0022937,0,0.025438,,0.0364,0.05,0.0364,0
-0.16556,0.0023168,0,0.025337,,0.0365,0.05,0.0365,0
-0.1659,0.0023399,0,0.025236,,0.0366,0.05,0.0366,0
-0.16624,0.0023629,0,0.025135,,0.0367,0.05,0.0367,0
-0.16657,0.002386,0,0.025034,,0.0368,0.05,0.0368,0
-0.16691,0.0024091,0,0.024934,,0.0369,0.05,0.0369,0
-0.16725,0.0024321,0,0.024833,,0.037,0.05,0.037,0
-0.16758,0.0024552,0,0.024732,,0.0371,0.05,0.0371,0
-0.16792,0.0024783,0,0.024631,,0.0372,0.05,0.0372,0
-0.16826,0.0025013,0,0.02453,,0.0373,0.05,0.0373,0
-0.16859,0.0025244,0,0.02443,,0.0374,0.05,0.0374,0
-0.16893,0.0025475,0,0.024329,,0.0375,0.05,0.0375,0
-0.16927,0.0025706,0,0.024228,,0.0376,0.05,0.0376,0
-0.1696,0.0025936,0,0.024127,,0.0377,0.05,0.0377,0
-0.16994,0.0026167,0,0.024026,,0.0378,0.05,0.0378,0
-0.17028,0.0026398,0,0.023925,,0.0379,0.05,0.0379,0
-0.17062,0.0026628,0,0.023825,,0.038,0.05,0.038,0
-0.17095,0.0026859,0,0.023724,,0.0381,0.05,0.0381,0
-0.17129,0.002709,0,0.023623,,0.0382,0.05,0.0382,0
-0.17163,0.002732,0,0.023522,,0.0383,0.05,0.0383,0
-0.17196,0.0027551,0,0.023421,,0.0384,0.05,0.0384,0
-0.1723,0.0027782,0,0.023321,,0.0385,0.05,0.0385,0
-0.17264,0.0028013,0,0.02322,,0.0386,0.05,0.0386,0
-0.17297,0.0028243,0,0.023119,,0.0387,0.05,0.0387,0
-0.17331,0.0028474,0,0.023018,,0.0388,0.05,0.0388,0
-0.17365,0.0028705,0,0.022917,,0.0389,0.05,0.0389,0
-0.17398,0.0028935,0,0.022817,,0.039,0.05,0.039,0
-0.17432,0.0029166,0,0.022716,,0.0391,0.05,0.0391,0
-0.17466,0.0029397,0,0.022615,,0.0392,0.05,0.0392,0
-0.17499,0.0029627,0,0.022514,,0.0393,0.05,0.0393,0
-0.17533,0.0029858,0,0.022413,,0.0394,0.05,0.0394,0
-0.17567,0.0030089,0,0.022313,,0.0395,0.05,0.0395,0
-0.176,0.0030319,0,0.022212,,0.0396,0.05,0.0396,0
-0.17634,0.003055,0,0.022111,,0.0397,0.05,0.0397,0
-0.17668,0.0030781,0,0.02201,,0.0398,0.05,0.0398,0
-0.17701,0.0031012,0,0.021909,,0.0399,0.05,0.0399,0
-0.17735,0.0031242,0,0.021809,,0.04,0.05,0.04,0
-0.17763,0.0031562,0,0.02167,,0.0401,0.05,0.0401,0
-0.1779,0.0031881,0,0.021531,,0.0402,0.05,0.0402,0
-0.17818,0.0032201,0,0.021393,,0.0403,0.05,0.0403,0
-0.17846,0.003252,0,0.021254,,0.0404,0.05,0.0404,0
-0.17873,0.003284,0,0.021115,,0.0405,0.05,0.0405,0
-0.17901,0.0033159,0,0.020977,,0.0406,0.05,0.0406,0
-0.17929,0.0033479,0,0.020838,,0.0407,0.05,0.0407,0
-0.17956,0.0033799,0,0.020699,,0.0408,0.05,0.0408,0
-0.17984,0.0034118,0,0.020561,,0.0409,0.05,0.0409,0
-0.18012,0.0034438,0,0.020422,,0.041,0.05,0.041,0
-0.18039,0.0034757,0,0.020284,,0.0411,0.05,0.0411,0
-0.18067,0.0035077,0,0.020145,,0.0412,0.05,0.0412,0
-0.18095,0.0035396,0,0.020006,,0.0413,0.05,0.0413,0
-0.18122,0.0035716,0,0.019868,,0.0414,0.05,0.0414,0
-0.1815,0.0036035,0,0.019729,,0.0415,0.05,0.0415,0
-0.18178,0.0036355,0,0.01959,,0.0416,0.05,0.0416,0
-0.18205,0.0036674,0,0.019452,,0.0417,0.05,0.0417,0
-0.18233,0.0036994,0,0.019313,,0.0418,0.05,0.0418,0
-0.18261,0.0037313,0,0.019174,,0.0419,0.05,0.0419,0
-0.18288,0.0037633,0,0.019036,,0.042,0.05,0.042,0
-0.18316,0.0037952,0,0.018897,,0.0421,0.05,0.0421,0
-0.18344,0.0038272,0,0.018759,,0.0422,0.05,0.0422,0
-0.18371,0.0038592,0,0.01862,,0.0423,0.05,0.0423,0
-0.18399,0.0038911,0,0.018481,,0.0424,0.05,0.0424,0
-0.18427,0.0039231,0,0.018343,,0.0425,0.05,0.0425,0
-0.18454,0.003955,0,0.018204,,0.0426,0.05,0.0426,0
-0.18482,0.003987,0,0.018065,,0.0427,0.05,0.0427,0
-0.1851,0.0040189,0,0.017927,,0.0428,0.05,0.0428,0
-0.18537,0.0040509,0,0.017788,,0.0429,0.05,0.0429,0
-0.18565,0.0040828,0,0.017649,,0.043,0.05,0.043,0
-0.18593,0.0041148,0,0.017511,,0.0431,0.05,0.0431,0
-0.1862,0.0041467,0,0.017372,,0.0432,0.05,0.0432,0
-0.18648,0.0041787,0,0.017234,,0.0433,0.05,0.0433,0
-0.18676,0.0042106,0,0.017095,,0.0434,0.05,0.0434,0
-0.18703,0.0042426,0,0.016956,,0.0435,0.05,0.0435,0
-0.18731,0.0042746,0,0.016818,,0.0436,0.05,0.0436,0
-0.18758,0.0043065,0,0.016679,,0.0437,0.05,0.0437,0
-0.18786,0.0043385,0,0.01654,,0.0438,0.05,0.0438,0
-0.18814,0.0043704,0,0.016402,,0.0439,0.05,0.0439,0
-0.18841,0.0044024,0,0.016263,,0.044,0.05,0.044,0
-0.18869,0.0044343,0,0.016124,,0.0441,0.05,0.0441,0
-0.18897,0.0044663,0,0.015986,,0.0442,0.05,0.0442,0
-0.18924,0.0044982,0,0.015847,,0.0443,0.05,0.0443,0
-0.18952,0.0045302,0,0.015709,,0.0444,0.05,0.0444,0
-0.1898,0.0045621,0,0.01557,,0.0445,0.05,0.0445,0
-0.19007,0.0045941,0,0.015431,,0.0446,0.05,0.0446,0
-0.19035,0.004626,0,0.015293,,0.0447,0.05,0.0447,0
-0.19063,0.004658,0,0.015154,,0.0448,0.05,0.0448,0
-0.1909,0.0046899,0,0.015015,,0.0449,0.05,0.0449,0
-0.19118,0.0047219,0,0.014877,,0.045,0.05,0.045,0
-0.19135,0.004763,0,0.014695,,0.0451,0.05,0.0451,0
-0.19153,0.0048041,0,0.014514,,0.0452,0.05,0.0452,0
-0.1917,0.0048453,0,0.014333,,0.0453,0.05,0.0453,0
-0.19188,0.0048864,0,0.014151,,0.0454,0.05,0.0454,0
-0.19205,0.0049275,0,0.01397,,0.0455,0.05,0.0455,0
-0.19222,0.0049686,0,0.013789,,0.0456,0.05,0.0456,0
-0.1924,0.0050097,0,0.013607,,0.0457,0.05,0.0457,0
-0.19257,0.0050508,0,0.013426,,0.0458,0.05,0.0458,0
-0.19274,0.005092,0,0.013244,,0.0459,0.05,0.0459,0
-0.19292,0.0051331,0,0.013063,,0.046,0.05,0.046,0
-0.19309,0.0051742,0,0.012882,,0.0461,0.05,0.0461,0
-0.19327,0.0052153,0,0.0127,,0.0462,0.05,0.0462,0
-0.19344,0.0052564,0,0.012519,,0.0463,0.05,0.0463,0
-0.19361,0.0052976,0,0.012338,,0.0464,0.05,0.0464,0
-0.19379,0.0053387,0,0.012156,,0.0465,0.05,0.0465,0
-0.19396,0.0053798,0,0.011975,,0.0466,0.05,0.0466,0
-0.19413,0.0054209,0,0.011793,,0.0467,0.05,0.0467,0
-0.19431,0.005462,0,0.011612,,0.0468,0.05,0.0468,0
-0.19448,0.0055031,0,0.011431,,0.0469,0.05,0.0469,0
-0.19466,0.0055443,0,0.011249,,0.047,0.05,0.047,0
-0.19483,0.0055854,0,0.011068,,0.0471,0.05,0.0471,0
-0.195,0.0056265,0,0.010887,,0.0472,0.05,0.0472,0
-0.19518,0.0056676,0,0.010705,,0.0473,0.05,0.0473,0
-0.19535,0.0057087,0,0.010524,,0.0474,0.05,0.0474,0
-0.19552,0.0057498,0,0.010343,,0.0475,0.05,0.0475,0
-0.1957,0.005791,0,0.010161,,0.0476,0.05,0.0476,0
-0.19587,0.0058321,0,0.0099798,,0.0477,0.05,0.0477,0
-0.19605,0.0058732,0,0.0097985,,0.0478,0.05,0.0478,0
-0.19622,0.0059143,0,0.0096171,,0.0479,0.05,0.0479,0
-0.19639,0.0059554,0,0.0094357,,0.048,0.05,0.048,0
-0.19657,0.0059966,0,0.0092544,,0.0481,0.05,0.0481,0
-0.19674,0.0060377,0,0.009073,,0.0482,0.05,0.0482,0
-0.19691,0.0060788,0,0.0088916,,0.0483,0.05,0.0483,0
-0.19709,0.0061199,0,0.0087103,,0.0484,0.05,0.0484,0
-0.19726,0.006161,0,0.0085289,,0.0485,0.05,0.0485,0
-0.19744,0.0062021,0,0.0083475,,0.0486,0.05,0.0486,0
-0.19761,0.0062433,0,0.0081662,,0.0487,0.05,0.0487,0
-0.19778,0.0062844,0,0.0079848,,0.0488,0.05,0.0488,0
-0.19796,0.0063255,0,0.0078034,,0.0489,0.05,0.0489,0
-0.19813,0.0063666,0,0.007622,,0.049,0.05,0.049,0
-0.1983,0.0064077,0,0.0074407,,0.0491,0.05,0.0491,0
-0.19848,0.0064489,0,0.0072593,,0.0492,0.05,0.0492,0
-0.19865,0.00649,0,0.0070779,,0.0493,0.05,0.0493,0
-0.19883,0.0065311,0,0.0068966,,0.0494,0.05,0.0494,0
-0.199,0.0065722,0,0.0067152,,0.0495,0.05,0.0495,0
-0.19917,0.0066133,0,0.0065338,,0.0496,0.05,0.0496,0
-0.19935,0.0066544,0,0.0063525,,0.0497,0.05,0.0497,0
-0.19952,0.0066956,0,0.0061711,,0.0498,0.05,0.0498,0
-0.19969,0.0067367,0,0.0059897,,0.0499,0.05,0.0499,0
-0.19987,0.0067778,0,0.0058084,,0.05,0.05,0.05,0
-0.19988,0.0068264,0,0.005584,,0.0501,0.05,0.0501,0
-0.19989,0.0068751,0,0.0053596,,0.0502,0.05,0.0502,0
-0.1999,0.0069237,0,0.0051351,,0.0503,0.05,0.0503,0
-0.19991,0.0069724,0,0.0049107,,0.0504,0.05,0.0504,0
-0.19992,0.007021,0,0.0046863,,0.0505,0.05,0.0505,0
-0.19993,0.0070697,0,0.0044619,,0.0506,0.05,0.0506,0
-0.19994,0.0071183,0,0.0042375,,0.0507,0.05,0.0507,0
-0.19995,0.007167,0,0.0040131,,0.0508,0.05,0.0508,0
-0.19996,0.0072156,0,0.0037887,,0.0509,0.05,0.0509,0
-0.19997,0.0072643,0,0.0035642,,0.051,0.05,0.051,0
-0.19998,0.0073129,0,0.0033398,,0.0511,0.05,0.0511,0
-0.19999,0.0073616,0,0.0031154,,0.0512,0.05,0.0512,0
-0.2,0.0074102,0,0.002891,,0.0513,0.05,0.0513,0
-0.20001,0.0074589,0,0.0026666,,0.0514,0.05,0.0514,0
-0.20003,0.0075075,0,0.0024422,,0.0515,0.05,0.0515,0
-0.20004,0.0075562,0,0.0022178,,0.0516,0.05,0.0516,0
-0.20005,0.0076048,0,0.0019934,,0.0517,0.05,0.0517,0
-0.20006,0.0076535,0,0.0017689,,0.0518,0.05,0.0518,0
-0.20007,0.0077021,0,0.0015445,,0.0519,0.05,0.0519,0
-0.20008,0.0077508,0,0.0013201,,0.052,0.05,0.052,0
-0.20009,0.0077994,0,0.0010957,,0.0521,0.05,0.0521,0
-0.2001,0.007848,0,0.00087128,,0.0522,0.05,0.0522,0
-0.20011,0.0078967,0,0.00064687,,0.0523,0.05,0.0523,0
-0.20012,0.0079453,0,0.00042246,,0.0524,0.05,0.0524,0
-0.20013,0.007994,0,0.00019804,,0.0525,0.05,0.0525,0
-0.20014,0.0080426,0,-2.6369e-05,,0.0526,0.05,0.0526,0
-0.20015,0.0080913,0,-0.00025079,,0.0527,0.05,0.0527,0
-0.20016,0.0081399,0,-0.0004752,,0.0528,0.05,0.0528,0
-0.20017,0.0081886,0,-0.00069961,,0.0529,0.05,0.0529,0
-0.20018,0.0082372,0,-0.00092402,,0.053,0.05,0.053,0
-0.20019,0.0082859,0,-0.0011484,,0.0531,0.05,0.0531,0
-0.2002,0.0083345,0,-0.0013728,,0.0532,0.05,0.0532,0
-0.20022,0.0083832,0,-0.0015973,,0.0533,0.05,0.0533,0
-0.20023,0.0084318,0,-0.0018217,,0.0534,0.05,0.0534,0
-0.20024,0.0084805,0,-0.0020461,,0.0535,0.05,0.0535,0
-0.20025,0.0085291,0,-0.0022705,,0.0536,0.05,0.0536,0
-0.20026,0.0085778,0,-0.0024949,,0.0537,0.05,0.0537,0
-0.20027,0.0086264,0,-0.0027193,,0.0538,0.05,0.0538,0
-0.20028,0.0086751,0,-0.0029437,,0.0539,0.05,0.0539,0
-0.20029,0.0087237,0,-0.0031682,,0.054,0.05,0.054,0
-0.2003,0.0087723,0,-0.0033926,,0.0541,0.05,0.0541,0
-0.20031,0.008821,0,-0.003617,,0.0542,0.05,0.0542,0
-0.20032,0.0088696,0,-0.0038414,,0.0543,0.05,0.0543,0
-0.20033,0.0089183,0,-0.0040658,,0.0544,0.05,0.0544,0
-0.20034,0.0089669,0,-0.0042902,,0.0545,0.05,0.0545,0
-0.20035,0.0090156,0,-0.0045146,,0.0546,0.05,0.0546,0
-0.20036,0.0090642,0,-0.0047391,,0.0547,0.05,0.0547,0
-0.20037,0.0091129,0,-0.0049635,,0.0548,0.05,0.0548,0
-0.20038,0.0091615,0,-0.0051879,,0.0549,0.05,0.0549,0
-0.20039,0.0092102,0,-0.0054123,,0.055,0.05,0.055,0
-0.20016,0.0092619,0,-0.005672,,0.0551,0.05,0.0551,0
-0.19993,0.0093136,0,-0.0059316,,0.0552,0.05,0.0552,0
-0.19969,0.0093654,0,-0.0061913,,0.0553,0.05,0.0553,0
-0.19946,0.0094171,0,-0.006451,,0.0554,0.05,0.0554,0
-0.19923,0.0094688,0,-0.0067107,,0.0555,0.05,0.0555,0
-0.199,0.0095205,0,-0.0069704,,0.0556,0.05,0.0556,0
-0.19876,0.0095723,0,-0.0072301,,0.0557,0.05,0.0557,0
-0.19853,0.009624,0,-0.0074897,,0.0558,0.05,0.0558,0
-0.1983,0.0096757,0,-0.0077494,,0.0559,0.05,0.0559,0
-0.19806,0.0097275,0,-0.0080091,,0.056,0.05,0.056,0
-0.19783,0.0097792,0,-0.0082688,,0.0561,0.05,0.0561,0
-0.1976,0.0098309,0,-0.0085285,,0.0562,0.05,0.0562,0
-0.19736,0.0098826,0,-0.0087881,,0.0563,0.05,0.0563,0
-0.19713,0.0099344,0,-0.0090478,,0.0564,0.05,0.0564,0
-0.1969,0.0099861,0,-0.0093075,,0.0565,0.05,0.0565,0
-0.19666,0.010038,0,-0.0095672,,0.0566,0.05,0.0566,0
-0.19643,0.01009,0,-0.0098269,,0.0567,0.05,0.0567,0
-0.1962,0.010141,0,-0.010087,,0.0568,0.05,0.0568,0
-0.19597,0.010193,0,-0.010346,,0.0569,0.05,0.0569,0
-0.19573,0.010245,0,-0.010606,,0.057,0.05,0.057,0
-0.1955,0.010296,0,-0.010866,,0.0571,0.05,0.0571,0
-0.19527,0.010348,0,-0.011125,,0.0572,0.05,0.0572,0
-0.19503,0.0104,0,-0.011385,,0.0573,0.05,0.0573,0
-0.1948,0.010452,0,-0.011645,,0.0574,0.05,0.0574,0
-0.19457,0.010503,0,-0.011904,,0.0575,0.05,0.0575,0
-0.19433,0.010555,0,-0.012164,,0.0576,0.05,0.0576,0
-0.1941,0.010607,0,-0.012424,,0.0577,0.05,0.0577,0
-0.19387,0.010659,0,-0.012683,,0.0578,0.05,0.0578,0
-0.19363,0.01071,0,-0.012943,,0.0579,0.05,0.0579,0
-0.1934,0.010762,0,-0.013203,,0.058,0.05,0.058,0
-0.19317,0.010814,0,-0.013462,,0.0581,0.05,0.0581,0
-0.19294,0.010865,0,-0.013722,,0.0582,0.05,0.0582,0
-0.1927,0.010917,0,-0.013982,,0.0583,0.05,0.0583,0
-0.19247,0.010969,0,-0.014241,,0.0584,0.05,0.0584,0
-0.19224,0.011021,0,-0.014501,,0.0585,0.05,0.0585,0
-0.192,0.011072,0,-0.014761,,0.0586,0.05,0.0586,0
-0.19177,0.011124,0,-0.01502,,0.0587,0.05,0.0587,0
-0.19154,0.011176,0,-0.01528,,0.0588,0.05,0.0588,0
-0.1913,0.011228,0,-0.01554,,0.0589,0.05,0.0589,0
-0.19107,0.011279,0,-0.015799,,0.059,0.05,0.059,0
-0.19084,0.011331,0,-0.016059,,0.0591,0.05,0.0591,0
-0.1906,0.011383,0,-0.016319,,0.0592,0.05,0.0592,0
-0.19037,0.011434,0,-0.016579,,0.0593,0.05,0.0593,0
-0.19014,0.011486,0,-0.016838,,0.0594,0.05,0.0594,0
-0.1899,0.011538,0,-0.017098,,0.0595,0.05,0.0595,0
-0.18967,0.01159,0,-0.017358,,0.0596,0.05,0.0596,0
-0.18944,0.011641,0,-0.017617,,0.0597,0.05,0.0597,0
-0.18921,0.011693,0,-0.017877,,0.0598,0.05,0.0598,0
-0.18897,0.011745,0,-0.018137,,0.0599,0.05,0.0599,0
-0.18874,0.011797,0,-0.018396,,0.06,0.05,0.06,0
-0.18816,0.011843,0,-0.018672,,0.0601,0.05,0.0601,0
-0.18758,0.01189,0,-0.018947,,0.0602,0.05,0.0602,0
-0.187,0.011937,0,-0.019223,,0.0603,0.05,0.0603,0
-0.18643,0.011984,0,-0.019498,,0.0604,0.05,0.0604,0
-0.18585,0.012031,0,-0.019774,,0.0605,0.05,0.0605,0
-0.18527,0.012078,0,-0.02005,,0.0606,0.05,0.0606,0
-0.18469,0.012125,0,-0.020325,,0.0607,0.05,0.0607,0
-0.18411,0.012172,0,-0.020601,,0.0608,0.05,0.0608,0
-0.18353,0.012219,0,-0.020876,,0.0609,0.05,0.0609,0
-0.18296,0.012266,0,-0.021152,,0.061,0.05,0.061,0
-0.18238,0.012313,0,-0.021427,,0.0611,0.05,0.0611,0
-0.1818,0.012359,0,-0.021703,,0.0612,0.05,0.0612,0
-0.18122,0.012406,0,-0.021978,,0.0613,0.05,0.0613,0
-0.18064,0.012453,0,-0.022254,,0.0614,0.05,0.0614,0
-0.18006,0.0125,0,-0.022529,,0.0615,0.05,0.0615,0
-0.17949,0.012547,0,-0.022805,,0.0616,0.05,0.0616,0
-0.17891,0.012594,0,-0.02308,,0.0617,0.05,0.0617,0
-0.17833,0.012641,0,-0.023356,,0.0618,0.05,0.0618,0
-0.17775,0.012688,0,-0.023632,,0.0619,0.05,0.0619,0
-0.17717,0.012735,0,-0.023907,,0.062,0.05,0.062,0
-0.17659,0.012782,0,-0.024183,,0.0621,0.05,0.0621,0
-0.17602,0.012828,0,-0.024458,,0.0622,0.05,0.0622,0
-0.17544,0.012875,0,-0.024734,,0.0623,0.05,0.0623,0
-0.17486,0.012922,0,-0.025009,,0.0624,0.05,0.0624,0
-0.17428,0.012969,0,-0.025285,,0.0625,0.05,0.0625,0
-0.1737,0.013016,0,-0.02556,,0.0626,0.05,0.0626,0
-0.17312,0.013063,0,-0.025836,,0.0627,0.05,0.0627,0
-0.17255,0.01311,0,-0.026111,,0.0628,0.05,0.0628,0
-0.17197,0.013157,0,-0.026387,,0.0629,0.05,0.0629,0
-0.17139,0.013204,0,-0.026662,,0.063,0.05,0.063,0
-0.17081,0.013251,0,-0.026938,,0.0631,0.05,0.0631,0
-0.17023,0.013298,0,-0.027214,,0.0632,0.05,0.0632,0
-0.16965,0.013344,0,-0.027489,,0.0633,0.05,0.0633,0
-0.16908,0.013391,0,-0.027765,,0.0634,0.05,0.0634,0
-0.1685,0.013438,0,-0.02804,,0.0635,0.05,0.0635,0
-0.16792,0.013485,0,-0.028316,,0.0636,0.05,0.0636,0
-0.16734,0.013532,0,-0.028591,,0.0637,0.05,0.0637,0
-0.16676,0.013579,0,-0.028867,,0.0638,0.05,0.0638,0
-0.16618,0.013626,0,-0.029142,,0.0639,0.05,0.0639,0
-0.16561,0.013673,0,-0.029418,,0.064,0.05,0.064,0
-0.16503,0.01372,0,-0.029693,,0.0641,0.05,0.0641,0
-0.16445,0.013767,0,-0.029969,,0.0642,0.05,0.0642,0
-0.16387,0.013814,0,-0.030244,,0.0643,0.05,0.0643,0
-0.16329,0.01386,0,-0.03052,,0.0644,0.05,0.0644,0
-0.16271,0.013907,0,-0.030796,,0.0645,0.05,0.0645,0
-0.16214,0.013954,0,-0.031071,,0.0646,0.05,0.0646,0
-0.16156,0.014001,0,-0.031347,,0.0647,0.05,0.0647,0
-0.16098,0.014048,0,-0.031622,,0.0648,0.05,0.0648,0
-0.1604,0.014095,0,-0.031898,,0.0649,0.05,0.0649,0
-0.15982,0.014142,0,-0.032173,,0.065,0.05,0.065,0
-0.15878,0.014173,0,-0.032432,,0.0651,0.05,0.0651,0
-0.15773,0.014204,0,-0.03269,,0.0652,0.05,0.0652,0
-0.15669,0.014235,0,-0.032949,,0.0653,0.05,0.0653,0
-0.15564,0.014266,0,-0.033207,,0.0654,0.05,0.0654,0
-0.1546,0.014296,0,-0.033466,,0.0655,0.05,0.0655,0
-0.15355,0.014327,0,-0.033725,,0.0656,0.05,0.0656,0
-0.15251,0.014358,0,-0.033983,,0.0657,0.05,0.0657,0
-0.15146,0.014389,0,-0.034242,,0.0658,0.05,0.0658,0
-0.15042,0.01442,0,-0.0345,,0.0659,0.05,0.0659,0
-0.14937,0.014451,0,-0.034759,,0.066,0.05,0.066,0
-0.14833,0.014482,0,-0.035017,,0.0661,0.05,0.0661,0
-0.14728,0.014513,0,-0.035276,,0.0662,0.05,0.0662,0
-0.14624,0.014544,0,-0.035534,,0.0663,0.05,0.0663,0
-0.14519,0.014575,0,-0.035793,,0.0664,0.05,0.0664,0
-0.14415,0.014606,0,-0.036052,,0.0665,0.05,0.0665,0
-0.1431,0.014637,0,-0.03631,,0.0666,0.05,0.0666,0
-0.14206,0.014668,0,-0.036569,,0.0667,0.05,0.0667,0
-0.14101,0.014699,0,-0.036827,,0.0668,0.05,0.0668,0
-0.13997,0.014729,0,-0.037086,,0.0669,0.05,0.0669,0
-0.13892,0.01476,0,-0.037344,,0.067,0.05,0.067,0
-0.13788,0.014791,0,-0.037603,,0.0671,0.05,0.0671,0
-0.13683,0.014822,0,-0.037861,,0.0672,0.05,0.0672,0
-0.13579,0.014853,0,-0.03812,,0.0673,0.05,0.0673,0
-0.13474,0.014884,0,-0.038378,,0.0674,0.05,0.0674,0
-0.1337,0.014915,0,-0.038637,,0.0675,0.05,0.0675,0
-0.13265,0.014946,0,-0.038896,,0.0676,0.05,0.0676,0
-0.13161,0.014977,0,-0.039154,,0.0677,0.05,0.0677,0
-0.13056,0.015008,0,-0.039413,,0.0678,0.05,0.0678,0
-0.12951,0.015039,0,-0.039671,,0.0679,0.05,0.0679,0
-0.12847,0.01507,0,-0.03993,,0.068,0.05,0.068,0
-0.12742,0.015101,0,-0.040188,,0.0681,0.05,0.0681,0
-0.12638,0.015132,0,-0.040447,,0.0682,0.05,0.0682,0
-0.12533,0.015162,0,-0.040705,,0.0683,0.05,0.0683,0
-0.12429,0.015193,0,-0.040964,,0.0684,0.05,0.0684,0
-0.12324,0.015224,0,-0.041223,,0.0685,0.05,0.0685,0
-0.1222,0.015255,0,-0.041481,,0.0686,0.05,0.0686,0
-0.12115,0.015286,0,-0.04174,,0.0687,0.05,0.0687,0
-0.12011,0.015317,0,-0.041998,,0.0688,0.05,0.0688,0
-0.11906,0.015348,0,-0.042257,,0.0689,0.05,0.0689,0
-0.11802,0.015379,0,-0.042515,,0.069,0.05,0.069,0
-0.11697,0.01541,0,-0.042774,,0.0691,0.05,0.0691,0
-0.11593,0.015441,0,-0.043032,,0.0692,0.05,0.0692,0
-0.11488,0.015472,0,-0.043291,,0.0693,0.05,0.0693,0
-0.11384,0.015503,0,-0.04355,,0.0694,0.05,0.0694,0
-0.11279,0.015534,0,-0.043808,,0.0695,0.05,0.0695,0
-0.11175,0.015565,0,-0.044067,,0.0696,0.05,0.0696,0
-0.1107,0.015595,0,-0.044325,,0.0697,0.05,0.0697,0
-0.10966,0.015626,0,-0.044584,,0.0698,0.05,0.0698,0
-0.10861,0.015657,0,-0.044842,,0.0699,0.05,0.0699,0
-0.10757,0.015688,0,-0.045101,,0.07,0.05,0.07,0
-0.10592,0.015691,0,-0.045299,,0.0701,0.05,0.0701,0
-0.10427,0.015693,0,-0.045497,,0.0702,0.05,0.0702,0
-0.10262,0.015696,0,-0.045695,,0.0703,0.05,0.0703,0
-0.10098,0.015698,0,-0.045893,,0.0704,0.05,0.0704,0
-0.099329,0.0157,0,-0.046091,,0.0705,0.05,0.0705,0
-0.097681,0.015703,0,-0.04629,,0.0706,0.05,0.0706,0
-0.096033,0.015705,0,-0.046488,,0.0707,0.05,0.0707,0
-0.094386,0.015708,0,-0.046686,,0.0708,0.05,0.0708,0
-0.092738,0.01571,0,-0.046884,,0.0709,0.05,0.0709,0
-0.09109,0.015713,0,-0.047082,,0.071,0.05,0.071,0
-0.089443,0.015715,0,-0.04728,,0.0711,0.05,0.0711,0
-0.087795,0.015717,0,-0.047478,,0.0712,0.05,0.0712,0
-0.086147,0.01572,0,-0.047676,,0.0713,0.05,0.0713,0
-0.084499,0.015722,0,-0.047875,,0.0714,0.05,0.0714,0
-0.082852,0.015725,0,-0.048073,,0.0715,0.05,0.0715,0
-0.081204,0.015727,0,-0.048271,,0.0716,0.05,0.0716,0
-0.079556,0.01573,0,-0.048469,,0.0717,0.05,0.0717,0
-0.077908,0.015732,0,-0.048667,,0.0718,0.05,0.0718,0
-0.076261,0.015735,0,-0.048865,,0.0719,0.05,0.0719,0
-0.074613,0.015737,0,-0.049063,,0.072,0.05,0.072,0
-0.072965,0.015739,0,-0.049261,,0.0721,0.05,0.0721,0
-0.071318,0.015742,0,-0.049459,,0.0722,0.05,0.0722,0
-0.06967,0.015744,0,-0.049658,,0.0723,0.05,0.0723,0
-0.068022,0.015747,0,-0.049856,,0.0724,0.05,0.0724,0
-0.066374,0.015749,0,-0.050054,,0.0725,0.05,0.0725,0
-0.064727,0.015752,0,-0.050252,,0.0726,0.05,0.0726,0
-0.063079,0.015754,0,-0.05045,,0.0727,0.05,0.0727,0
-0.061431,0.015756,0,-0.050648,,0.0728,0.05,0.0728,0
-0.059783,0.015759,0,-0.050846,,0.0729,0.05,0.0729,0
-0.058136,0.015761,0,-0.051044,,0.073,0.05,0.073,0
-0.056488,0.015764,0,-0.051243,,0.0731,0.05,0.0731,0
-0.05484,0.015766,0,-0.051441,,0.0732,0.05,0.0732,0
-0.053192,0.015769,0,-0.051639,,0.0733,0.05,0.0733,0
-0.051545,0.015771,0,-0.051837,,0.0734,0.05,0.0734,0
-0.049897,0.015773,0,-0.052035,,0.0735,0.05,0.0735,0
-0.048249,0.015776,0,-0.052233,,0.0736,0.05,0.0736,0
-0.046601,0.015778,0,-0.052431,,0.0737,0.05,0.0737,0
-0.044954,0.015781,0,-0.052629,,0.0738,0.05,0.0738,0
-0.043306,0.015783,0,-0.052828,,0.0739,0.05,0.0739,0
-0.041658,0.015786,0,-0.053026,,0.074,0.05,0.074,0
-0.040011,0.015788,0,-0.053224,,0.0741,0.05,0.0741,0
-0.038363,0.01579,0,-0.053422,,0.0742,0.05,0.0742,0
-0.036715,0.015793,0,-0.05362,,0.0743,0.05,0.0743,0
-0.035067,0.015795,0,-0.053818,,0.0744,0.05,0.0744,0
-0.03342,0.015798,0,-0.054016,,0.0745,0.05,0.0745,0
-0.031772,0.0158,0,-0.054214,,0.0746,0.05,0.0746,0
-0.030124,0.015803,0,-0.054412,,0.0747,0.05,0.0747,0
-0.028476,0.015805,0,-0.054611,,0.0748,0.05,0.0748,0
-0.026829,0.015808,0,-0.054809,,0.0749,0.05,0.0749,0
-0.025181,0.01581,0,-0.055007,,0.075,0.05,0.075,0
-0.022793,0.015774,0,-0.055102,,0.0751,0.05,0.0751,0
-0.020405,0.015738,0,-0.055197,,0.0752,0.05,0.0752,0
-0.018017,0.015703,0,-0.055292,,0.0753,0.05,0.0753,0
-0.015629,0.015667,0,-0.055386,,0.0754,0.05,0.0754,0
-0.013242,0.015631,0,-0.055481,,0.0755,0.05,0.0755,0
-0.010854,0.015596,0,-0.055576,,0.0756,0.05,0.0756,0
-0.0084658,0.01556,0,-0.055671,,0.0757,0.05,0.0757,0
-0.0060779,0.015524,0,-0.055766,,0.0758,0.05,0.0758,0
-0.00369,0.015488,0,-0.055861,,0.0759,0.05,0.0759,0
-0.0013022,0.015453,0,-0.055956,,0.076,0.05,0.076,0
0.0010857,0.015417,0,-0.056051,,0.0761,0.05,0.0761,0
0.0034736,0.015381,0,-0.056146,,0.0762,0.05,0.0762,0
0.0058615,0.015345,0,-0.056241,,0.0763,0.05,0.0763,0
0.0082495,0.01531,0,-0.056335,,0.0764,0.05,0.0764,0
0.010637,0.015274,0,-0.05643,,0.0765,0.05,0.0765,0
0.013025,0.015238,0,-0.056525,,0.0766,0.05,0.0766,0
0.015413,0.015203,0,-0.05662,,0.0767,0.05,0.0767,0
0.017801,0.015167,0,-0.056715,,0.0768,0.05,0.0768,0
0.020189,0.015131,0,-0.05681,,0.0769,0.05,0.0769,0
0.022577,0.015095,0,-0.056905,,0.077,0.05,0.077,0
0.024965,0.01506,0,-0.057,,0.0771,0.05,0.0771,0
0.027353,0.015024,0,-0.057095,,0.0772,0.05,0.0772,0
0.02974,0.014988,0,-0.05719,,0.0773,0.05,0.0773,0
0.032128,0.014952,0,-0.057284,,0.0774,0.05,0.0774,0
0.034516,0.014917,0,-0.057379,,0.0775,0.05,0.0775,0
0.036904,0.014881,0,-0.057474,,0.0776,0.05,0.0776,0
0.039292,0.014845,0,-0.057569,,0.0777,0.05,0.0777,0
0.04168,0.014809,0,-0.057664,,0.0778,0.05,0.0778,0
0.044068,0.014774,0,-0.057759,,0.0779,0.05,0.0779,0
0.046456,0.014738,0,-0.057854,,0.078,0.05,0.078,0
0.048843,0.014702,0,-0.057949,,0.0781,0.05,0.0781,0
0.051231,0.014667,0,-0.058044,,0.0782,0.05,0.0782,0
0.053619,0.014631,0,-0.058139,,0.0783,0.05,0.0783,0
0.056007,0.014595,0,-0.058233,,0.0784,0.05,0.0784,0
0.058395,0.014559,0,-0.058328,,0.0785,0.05,0.0785,0
0.060783,0.014524,0,-0.058423,,0.0786,0.05,0.0786,0
0.063171,0.014488,0,-0.058518,,0.0787,0.05,0.0787,0
0.065559,0.014452,0,-0.058613,,0.0788,0.05,0.0788,0
0.067947,0.014416,0,-0.058708,,0.0789,0.05,0.0789,0
0.070334,0.014381,0,-0.058803,,0.079,0.05,0.079,0
0.072722,0.014345,0,-0.058898,,0.0791,0.05,0.0791,0
0.07511,0.014309,0,-0.058993,,0.0792,0.05,0.0792,0
0.077498,0.014273,0,-0.059088,,0.0793,0.05,0.0793,0
0.079886,0.014238,0,-0.059182,,0.0794,0.05,0.0794,0
0.082274,0.014202,0,-0.059277,,0.0795,0.05,0.0795,0
0.084662,0.014166,0,-0.059372,,0.0796,0.05,0.0796,0
0.08705,0.014131,0,-0.059467,,0.0797,0.05,0.0797,0
0.089438,0.014095,0,-0.059562,,0.0798,0.05,0.0798,0
0.091825,0.014059,0,-0.059657,,0.0799,0.05,0.0799,0
0.094213,0.014023,0,-0.059752,,0.08,0.05,0.08,0
0.097458,0.013949,0,-0.059722,,0.0801,0.05,0.0801,0
0.1007,0.013874,0,-0.059692,,0.0802,0.05,0.0802,0
0.10395,0.0138,0,-0.059662,,0.0803,0.05,0.0803,0
0.10719,0.013726,0,-0.059632,,0.0804,0.05,0.0804,0
0.11044,0.013651,0,-0.059601,,0.0805,0.05,0.0805,0
0.11368,0.013577,0,-0.059571,,0.0806,0.05,0.0806,0
0.11693,0.013502,0,-0.059541,,0.0807,0.05,0.0807,0
0.12017,0.013428,0,-0.059511,,0.0808,0.05,0.0808,0
0.12342,0.013353,0,-0.059481,,0.0809,0.05,0.0809,0
0.12666,0.013279,0,-0.059451,,0.081,0.05,0.081,0
0.12991,0.013204,0,-0.059421,,0.0811,0.05,0.0811,0
0.13315,0.01313,0,-0.059391,,0.0812,0.05,0.0812,0
0.1364,0.013056,0,-0.059361,,0.0813,0.05,0.0813,0
0.13964,0.012981,0,-0.059331,,0.0814,0.05,0.0814,0
0.14289,0.012907,0,-0.059301,,0.0815,0.05,0.0815,0
0.14613,0.012832,0,-0.05927,,0.0816,0.05,0.0816,0
0.14938,0.012758,0,-0.05924,,0.0817,0.05,0.0817,0
0.15262,0.012683,0,-0.05921,,0.0818,0.05,0.0818,0
0.15587,0.012609,0,-0.05918,,0.0819,0.05,0.0819,0
0.15911,0.012534,0,-0.05915,,0.082,0.05,0.082,0
0.16236,0.01246,0,-0.05912,,0.0821,0.05,0.0821,0
0.1656,0.012386,0,-0.05909,,0.0822,0.05,0.0822,0
0.16885,0.012311,0,-0.05906,,0.0823,0.05,0.0823,0
0.17209,0.012237,0,-0.05903,,0.0824,0.05,0.0824,0
0.17534,0.012162,0,-0.059,,0.0825,0.05,0.0825,0
0.17858,0.012088,0,-0.05897,,0.0826,0.05,0.0826,0
0.18183,0.012013,0,-0.05894,,0.0827,0.05,0.0827,0
0.18507,0.011939,0,-0.058909,,0.0828,0.05,0.0828,0
0.18832,0.011864,0,-0.058879,,0.0829,0.05,0.0829,0
0.19156,0.01179,0,-0.058849,,0.083,0.05,0.083,0
0.19481,0.011716,0,-0.058819,,0.0831,0.05,0.0831,0
0.19805,0.011641,0,-0.058789,,0.0832,0.05,0.0832,0
0.2013,0.011567,0,-0.058759,,0.0833,0.05,0.0833,0
0.20454,0.011492,0,-0.058729,,0.0834,0.05,0.0834,0
0.20779,0.011418,0,-0.058699,,0.0835,0.05,0.0835,0
0.21103,0.011343,0,-0.058669,,0.0836,0.05,0.0836,0
0.21428,0.011269,0,-0.058639,,0.0837,0.05,0.0837,0
0.21752,0.011194,0,-0.058609,,0.0838,0.05,0.0838,0
0.22077,0.01112,0,-0.058579,,0.0839,0.05,0.0839,0
0.22401,0.011046,0,-0.058548,,0.084,0.05,0.084,0
0.22726,0.010971,0,-0.058518,,0.0841,0.05,0.0841,0
0.2305,0.010897,0,-0.058488,,0.0842,0.05,0.0842,0
0.23375,0.010822,0,-0.058458,,0.0843,0.05,0.0843,0
0.23699,0.010748,0,-0.058428,,0.0844,0.05,0.0844,0
0.24024,0.010673,0,-0.058398,,0.0845,0.05,0.0845,0
0.24348,0.010599,0,-0.058368,,0.0846,0.05,0.0846,0
0.24673,0.010524,0,-0.058338,,0.0847,0.05,0.0847,0
0.24997,0.01045,0,-0.058308,,0.0848,0.05,0.0848,0
0.25322,0.010376,0,-0.058278,,0.0849,0.05,0.0849,0
0.25646,0.010301,0,-0.058248,,0.085,0.05,0.085,0
0.26063,0.010205,0,-0.058106,,0.0851,0.05,0.0851,0
0.26479,0.010109,0,-0.057964,,0.0852,0.05,0.0852,0
0.26895,0.010013,0,-0.057823,,0.0853,0.05,0.0853,0
0.27312,0.0099165,0,-0.057681,,0.0854,0.05,0.0854,0
0.27728,0.0098203,0,-0.05754,,0.0855,0.05,0.0855,0
0.28144,0.0097242,0,-0.057398,,0.0856,0.05,0.0856,0
0.28561,0.0096281,0,-0.057256,,0.0857,0.05,0.0857,0
0.28977,0.0095319,0,-0.057115,,0.0858,0.05,0.0858,0
0.29393,0.0094358,0,-0.056973,,0.0859,0.05,0.0859,0
0.2981,0.0093396,0,-0.056832,,0.086,0.05,0.086,0
0.30226,0.0092435,0,-0.05669,,0.0861,0.05,0.0861,0
0.30642,0.0091473,0,-0.056549,,0.0862,0.05,0.0862,0
0.31059,0.0090512,0,-0.056407,,0.0863,0.05,0.0863,0
0.31475,0.008955,0,-0.056265,,0.0864,0.05,0.0864,0
0.31892,0.0088589,0,-0.056124,,0.0865,0.05,0.0865,0
0.32308,0.0087627,0,-0.055982,,0.0866,0.05,0.0866,0
0.32724,0.0086666,0,-0.055841,,0.0867,0.05,0.0867,0
0.33141,0.0085704,0,-0.055699,,0.0868,0.05,0.0868,0
0.33557,0.0084743,0,-0.055557,,0.0869,0.05,0.0869,0
0.33973,0.0083781,0,-0.055416,,0.087,0.05,0.087,0
0.3439,0.008282,0,-0.055274,,0.0871,0.05,0.0871,0
0.34806,0.0081859,0,-0.055133,,0.0872,0.05,0.0872,0
0.35222,0.0080897,0,-0.054991,,0.0873,0.05,0.0873,0
0.35639,0.0079936,0,-0.054849,,0.0874,0.05,0.0874,0
0.36055,0.0078974,0,-0.054708,,0.0875,0.05,0.0875,0
0.36471,0.0078013,0,-0.054566,,0.0876,0.05,0.0876,0
0.36888,0.0077051,0,-0.054425,,0.0877,0.05,0.0877,0
0.37304,0.007609,0,-0.054283,,0.0878,0.05,0.0878,0
0.3772,0.0075128,0,-0.054142,,0.0879,0.05,0.0879,0
0.38137,0.0074167,0,-0.054,,0.088,0.05,0.088,0
0.38553,0.0073205,0,-0.053858,,0.0881,0.05,0.0881,0
0.38969,0.0072244,0,-0.053717,,0.0882,0.05,0.0882,0
0.39386,0.0071282,0,-0.053575,,0.0883,0.05,0.0883,0
0.39802,0.0070321,0,-0.053434,,0.0884,0.05,0.0884,0
0.40218,0.006936,0,-0.053292,,0.0885,0.05,0.0885,0
0.40635,0.0068398,0,-0.05315,,0.0886,0.05,0.0886,0
0.41051,0.0067437,0,-0.053009,,0.0887,0.05,0.0887,0
0.41467,0.0066475,0,-0.052867,,0.0888,0.05,0.0888,0
0.41884,0.0065514,0,-0.052726,,0.0889,0.05,0.0889,0
0.423,0.0064552,0,-0.052584,,0.089,0.05,0.089,0
0.42716,0.0063591,0,-0.052443,,0.0891,0.05,0.0891,0
0.43133,0.0062629,0,-0.052301,,0.0892,0.05,0.0892,0
0.43549,0.0061668,0,-0.052159,,0.0893,0.05,0.0893,0
0.43966,0.0060706,0,-0.052018,,0.0894,0.05,0.0894,0
0.44382,0.0059745,0,-0.051876,,0.0895,0.05,0.0895,0
0.44798,0.0058783,0,-0.051735,,0.0896,0.05,0.0896,0
0.45215,0.0057822,0,-0.051593,,0.0897,0.05,0.0897,0
0.45631,0.0056861,0,-0.051451,,0.0898,0.05,0.0898,0
0.46047,0.0055899,0,-0.05131,,0.0899,0.05,0.0899,0
0.46464,0.0054938,0,-0.051168,,0.09,0.05,0.09,0
0.46967,0.0054171,0,-0.05096,,0.0901,0.05,0.0901,0
0.4747,0.0053404,0,-0.050752,,0.0902,0.05,0.0902,0
0.47973,0.0052637,0,-0.050544,,0.0903,0.05,0.0903,0
0.48476,0.0051871,0,-0.050336,,0.0904,0.05,0.0904,0
0.48979,0.0051104,0,-0.050128,,0.0905,0.05,0.0905,0
0.49482,0.0050337,0,-0.049919,,0.0906,0.05,0.0906,0
0.49985,0.0049571,0,-0.049711,,0.0907,0.05,0.0907,0
0.50488,0.0048804,0,-0.049503,,0.0908,0.05,0.0908,0
0.50991,0.0048037,0,-0.049295,,0.0909,0.05,0.0909,0
0.51495,0.004727,0,-0.049087,,0.091,0.05,0.091,0
0.51998,0.0046504,0,-0.048879,,0.0911,0.05,0.0911,0
0.52501,0.0045737,0,-0.048671,,0.0912,0.05,0.0912,0
0.53004,0.004497,0,-0.048462,,0.0913,0.05,0.0913,0
0.53507,0.0044203,0,-0.048254,,0.0914,0.05,0.0914,0
0.5401,0.0043437,0,-0.048046,,0.0915,0.05,0.0915,0
0.54513,0.004267,0,-0.047838,,0.0916,0.05,0.0916,0
0.55016,0.0041903,0,-0.04763,,0.0917,0.05,0.0917,0
0.55519,0.0041137,0,-0.047422,,0.0918,0.05,0.0918,0
0.56022,0.004037,0,-0.047214,,0.0919,0.05,0.0919,0
0.56525,0.0039603,0,-0.047005,,0.092,0.05,0.092,0
0.57029,0.0038836,0,-0.046797,,0.0921,0.05,0.0921,0
0.57532,0.003807,0,-0.046589,,0.0922,0.05,0.0922,0
0.58035,0.0037303,0,-0.046381,,0.0923,0.05,0.0923,0
0.58538,0.0036536,0,-0.046173,,0.0924,0.05,0.0924,0
0.59041,0.003577,0,-0.045965,,0.0925,0.05,0.0925,0
0.59544,0.0035003,0,-0.045757,,0.0926,0.05,0.0926,0
0.60047,0.0034236,0,-0.045548,,0.0927,0.05,0.0927,0
0.6055,0.0033469,0,-0.04534,,0.0928,0.05,0.0928,0
0.61053,0.0032703,0,-0.045132,,0.0929,0.05,0.0929,0
0.61556,0.0031936,0,-0.044924,,0.093,0.05,0.093,0
0.62059,0.0031169,0,-0.044716,,0.0931,0.05,0.0931,0
0.62563,0.0030402,0,-0.044508,,0.0932,0.05,0.0932,0
0.63066,0.0029636,0,-0.0443,,0.0933,0.05,0.0933,0
0.63569,0.0028869,0,-0.044091,,0.0934,0.05,0.0934,0
0.64072,0.0028102,0,-0.043883,,0.0935,0.05,0.0935,0
0.64575,0.0027336,0,-0.043675,,0.0936,0.05,0.0936,0
0.65078,0.0026569,0,-0.043467,,0.0937,0.05,0.0937,0
0.65581,0.0025802,0,-0.043259,,0.0938,0.05,0.0938,0
0.66084,0.0025035,0,-0.043051,,0.0939,0.05,0.0939,0
0.66587,0.0024269,0,-0.042843,,0.094,0.05,0.094,0
0.6709,0.0023502,0,-0.042634,,0.0941,0.05,0.0941,0
0.67594,0.0022735,0,-0.042426,,0.0942,0.05,0.0942,0
0.68097,0.0021969,0,-0.042218,,0.0943,0.05,0.0943,0
0.686,0.0021202,0,-0.04201,,0.0944,0.05,0.0944,0
0.69103,0.0020435,0,-0.041802,,0.0945,0.05,0.0945,0
0.69606,0.0019668,0,-0.041594,,0.0946,0.05,0.0946,0
0.70109,0.0018902,0,-0.041386,,0.0947,0.05,0.0947,0
0.70612,0.0018135,0,-0.041177,,0.0948,0.05,0.0948,0
0.71115,0.0017368,0,-0.040969,,0.0949,0.05,0.0949,0
0.71618,0.0016601,0,-0.040761,,0.095,0.05,0.095,0
0.72186,0.0016269,0,-0.040648,,0.0951,0.05,0.0951,0
0.72754,0.0015937,0,-0.040534,,0.0952,0.05,0.0952,0
0.73321,0.0015605,0,-0.040421,,0.0953,0.05,0.0953,0
0.73889,0.0015273,0,-0.040307,,0.0954,0.05,0.0954,0
0.74456,0.0014941,0,-0.040194,,0.0955,0.05,0.0955,0
0.75024,0.0014609,0,-0.04008,,0.0956,0.05,0.0956,0
0.75592,0.0014277,0,-0.039967,,0.0957,0.05,0.0957,0
0.76159,0.0013945,0,-0.039853,,0.0958,0.05,0.0958,0
0.76727,0.0013613,0,-0.03974,,0.0959,0.05,0.0959,0
0.77295,0.0013281,0,-0.039626,,0.096,0.05,0.096,0
0.77862,0.0012949,0,-0.039513,,0.0961,0.05,0.0961,0
0.7843,0.0012617,0,-0.039399,,0.0962,0.05,0.0962,0
0.78997,0.0012285,0,-0.039286,,0.0963,0.05,0.0963,0
0.79565,0.0011953,0,-0.039172,,0.0964,0.05,0.0964,0
0.80133,0.0011621,0,-0.039059,,0.0965,0.05,0.0965,0
0.807,0.0011289,0,-0.038945,,0.0966,0.05,0.0966,0
0.81268,0.0010957,0,-0.038832,,0.0967,0.05,0.0967,0
0.81836,0.0010625,0,-0.038718,,0.0968,0.05,0.0968,0
0.82403,0.0010293,0,-0.038605,,0.0969,0.05,0.0969,0
0.82971,0.00099609,0,-0.038491,,0.097,0.05,0.097,0
0.83539,0.00096288,0,-0.038378,,0.0971,0.05,0.0971,0
0.84106,0.00092968,0,-0.038264,,0.0972,0.05,0.0972,0
0.84674,0.00089648,0,-0.038151,,0.0973,0.05,0.0973,0
0.85242,0.00086328,0,-0.038037,,0.0974,0.05,0.0974,0
0.85809,0.00083007,0,-0.037924,,0.0975,0.05,0.0975,0
0.86377,0.00079687,0,-0.03781,,0.0976,0.05,0.0976,0
0.86944,0.00076367,0,-0.037697,,0.0977,0.05,0.0977,0
0.87512,0.00073046,0,-0.037583,,0.0978,0.05,0.0978,0
0.8808,0.00069726,0,-0.03747,,0.0979,0.05,0.0979,0
0.88647,0.00066406,0,-0.037356,,0.098,0.05,0.098,0
0.89215,0.00063086,0,-0.037243,,0.0981,0.05,0.0981,0
0.89783,0.00059765,0,-0.037129,,0.0982,0.05,0.0982,0
0.9035,0.00056445,0,-0.037016,,0.0983,0.05,0.0983,0
0.90918,0.00053125,0,-0.036902,,0.0984,0.05,0.0984,0
0.91485,0.00049804,0,-0.036789,,0.0985,0.05,0.0985,0
0.92053,0.00046484,0,-0.036675,,0.0986,0.05,0.0986,0
0.92621,0.00043164,0,-0.036562,,0.0987,0.05,0.0987,0
0.93188,0.00039843,0,-0.036448,,0.0988,0.05,0.0988,0
0.93756,0.00036523,0,-0.036335,,0.0989,0.05,0.0989,0
0.94324,0.00033203,0,-0.036221,,0.099,0.05,0.099,0
0.94891,0.00029883,0,-0.036108,,0.0991,0.05,0.0991,0
0.95459,0.00026562,0,-0.035994,,0.0992,0.05,0.0992,0
0.96027,0.00023242,0,-0.035881,,0.0993,0.05,0.0993,0
0.96594,0.00019922,0,-0.035767,,0.0994,0.05,0.0994,0
0.97162,0.00016601,0,-0.035654,,0.0995,0.05,0.0995,0
0.97729,0.00013281,0,-0.03554,,0.0996,0.05,0.0996,0
0.98297,9.9608e-05,0,-0.035427,,0.0997,0.05,0.0997,0
0.98865,6.6407e-05,0,-0.035313,,0.0998,0.05,0.0998,0
0.99432,3.3203e-05,0,-0.0352,,0.0999,0.05,0.0999,0
1,0,0,-0.035086,,0.1,0.05,0.1,0
